g_L,g_U,r,method,wL_oracle,wU_oracle,cov_joint,cov_joint_mcse,cov_lo,cov_lo_mcse,cov_hi,cov_hi_mcse,cov_theta,cov_theta_mcse,width,width_mcse,bias_L,bias_L_mcse,bias_U,bias_U_mcse,wL,wL_mcse,wU,wU_mcse,width_median,wL_sd,wU_sd,wL_interior,wU_interior,cov_lo_own,cov_lo_own_mcse,cov_hi_own,cov_hi_own_mcse
0.0,0.0,1,M1 intersection,0.5,0.5,0.898,0.004280521530481371,0.9512,0.0030472231808357526,0.9458,0.0032022683998348595,1.0,0.0,2.278929717313989,0.001238587348259107,0.055441122892822374,0.0011627819170795088,-0.057599270929326325,0.001176904169023659,0.5034,0.007071611523401691,0.4966,0.007071611523401691,2.29825278456628,0.5000384462114268,0.5000384462114268,0.0,0.0,,,,
0.0,0.0,1,M2 convex (oracle),0.5,0.5,0.9472,0.00316297848341991,0.975,0.002208161043728244,0.9722,0.002325191024982793,1.0,0.0,2.2772069659754037,6.885636445250475e-05,-0.0010790740182519778,0.000994439073598529,-0.001079074018251976,0.0009944390735985287,0.5,0.0,0.5,0.0,2.2771535798553746,0.0,0.0,1.0,1.0,0.975,0.002208161043728244,0.9722,0.002325191024982793
0.0,0.0,1,M3 convex (split),0.5,0.5,0.9474,0.0031573155889688424,0.975,0.002208161043728244,0.972,0.0023332999930938056,1.0,0.0,2.399227614002918,0.0018835334350812262,-3.312747461132775e-05,0.001450950469317371,-0.0015059247756475298,0.0014806929775905513,0.49918,0.004960361801102775,0.5004719999999999,0.004968940739998368,2.3636033533576004,0.3507505466698489,0.35135716925669475,0.6442,0.6472,,,,
0.0,0.0,1,M4 convex (plug-in),0.5,0.5,0.8744,0.00468714431870546,0.9376,0.003421050820689974,0.9358,0.003466709623709927,1.0,0.0,2.2362818985742576,0.0008222016982624867,0.038140335606735846,0.0011978043349586461,-0.04034382382476692,0.0012176002351464738,0.5017794,0.003965924661262713,0.49847660000000005,0.003970427194762521,2.2601743772742444,0.2804332221653826,0.28075159936240596,0.8318,0.8336,,,,
0.0,0.0,1,M5 dataset 1 only,0.5,0.5,0.949,0.0031115488662833905,0.9764,0.002146981580261274,0.9726,0.002308877255905252,1.0,0.0,2.391931522469943,8.68658174777102e-05,-0.0007538616443301903,0.0014130696245767621,-0.0007538616443301884,0.001413069624576762,1.0,0.0,1.0,0.0,2.392042196219505,0.0,0.0,0.0,0.0,,,,
0.0,0.0,1,M5 dataset 2 only,0.5,0.5,0.946,0.0031966926296961603,0.9738,0.002259144250938684,0.9722,0.0023251910249827926,1.0,0.0,2.3920086998023327,0.0001736567186403191,-0.0014042863921737644,0.0014207131341108098,-0.0014042863921737616,0.0014207131341108098,0.0,0.0,0.0,0.0,2.3919355613287516,0.0,0.0,0.0,0.0,,,,
0.0,0.05,1,M1 intersection,0.5,0.40800000000000003,0.9154,0.003935945417973508,0.9512,0.0030472231808357526,0.9638,0.0026418379703479766,1.0,0.0,2.3003016659640374,0.0012299135823036762,0.055441122892822395,0.0011627819170795088,-0.03627195873009098,0.0011977519773029677,0.5034,0.007071611523401691,0.3602,0.006789728424791118,2.3207589875341963,0.5000384462114268,0.4801063011584855,0.0,0.0,,,,
0.0,0.05,1,M2 convex (oracle),0.5,0.40800000000000003,0.9618,0.00271101861380273,0.975,0.002208161043728244,0.9868,0.0016142097554614535,1.0,0.0,2.299876103684272,0.00020067419137546528,-0.0010790740182519609,0.000994439073598529,0.019261086904946354,0.0010126156490647736,0.5,0.0,0.408,7.85124745742478e-19,2.2997867200614017,0.0,5.551670317918702e-17,1.0,1.0,0.975,0.002208161043728244,0.9728,0.0023006717754003128
0.0,0.05,1,M3 convex (split),0.5,0.40800000000000003,0.9568,0.002875483556053873,0.975,0.002208161043728244,0.9814,0.001910899868559714,1.0,0.0,2.4215219123942244,0.00189078396572425,-3.312747461131158e-05,0.001450950469317371,0.020339029449488333,0.001510886144464095,0.49918,0.004960361801102775,0.4348717999999999,0.004918440322296571,2.3870309284660935,0.3507505466698489,0.34778625047572537,0.6442,0.6318,,,,
0.0,0.05,1,M4 convex (plug-in),0.5,0.40800000000000003,0.8956,0.0043247969632983635,0.9376,0.003421050820689974,0.9576,0.002849924984009736,1.0,0.0,2.25879158373953,0.0008383394588667576,0.03814033560673586,0.0011978043349586461,-0.019439271739820033,0.001242445760535339,0.5017794,0.003965924661262713,0.402344,0.0039070135095380385,2.2831137658399507,0.2804332221653826,0.2762675746781799,0.8318,0.8048,,,,
0.0,0.05,1,M5 dataset 1 only,0.5,0.40800000000000003,0.9678,0.0024967736733142536,0.9764,0.002146981580261274,0.9914,0.0013059667338113804,1.0,0.0,2.4419315224699427,8.686581747771027e-05,-0.0007538616443301572,0.0014130696245767621,0.04924613835566967,0.0014130696245767621,1.0,0.0,1.0,0.0,2.442042196219505,0.0,0.0,0.0,0.0,,,,
0.0,0.05,1,M5 dataset 2 only,0.5,0.40800000000000003,0.946,0.0031966926296961603,0.9738,0.002259144250938684,0.9722,0.0023251910249827926,1.0,0.0,2.3920086998023327,0.0001736567186403191,-0.0014042863921737644,0.0014207131341108098,-0.0014042863921737616,0.0014207131341108098,0.0,0.0,0.0,0.0,2.3919355613287516,0.0,0.0,0.0,0.0,,,,
0.0,0.1,1,M1 intersection,0.5,0.307,0.9214,0.0038062193133202686,0.9512,0.0030472231808357526,0.97,0.0024127088993176463,1.0,0.0,2.3151102563854082,0.0012140114798993124,0.05544112289282226,0.0011627819170795088,-0.021476786622792787,0.001241719687679428,0.5034,0.007071611523401691,0.2406,0.006045629655179475,2.3409464597175274,0.5000384462114268,0.42749057257198964,0.0,0.0,,,,
0.0,0.1,1,M2 convex (oracle),0.5,0.307,0.9648,0.0026064440738565687,0.975,0.002208161043728244,0.9898,0.0014211248781102373,1.0,0.0,2.3177483513396835,0.0003990046376647663,-0.0010790740182520875,0.0009944390735985287,0.029495394005414347,0.001069985843719596,0.5,0.0,0.307,0.0,2.3178005508503636,0.0,0.0,1.0,1.0,0.975,0.002208161043728244,0.9726,0.0023088772559052523
0.0,0.1,1,M3 convex (split),0.5,0.307,0.9602,0.0027649088491646227,0.975,0.002208161043728244,0.985,0.0017191832706909536,1.0,0.0,2.438372311673242,0.0018957556300254555,-3.31274746114417e-05,0.001450950469317371,0.03564514325382088,0.001581784575861982,0.49918,0.004960361801102775,0.37188060000000006,0.004784871211143456,2.406569097378874,0.3507505466698489,0.3383414880503826,0.6442,0.6068,,,,
0.0,0.1,1,M4 convex (plug-in),0.5,0.307,0.9058,0.004131426598300813,0.9376,0.003421050820689974,0.968,0.0024892648087050866,1.0,0.0,2.276589116190392,0.0008779580743812807,0.038140335606735735,0.0011978043349586461,-0.0059701094470131,0.001301752193519881,0.5017794,0.003965924661262713,0.3103052,0.0037070304052539273,2.3016654081028767,0.2804332221653826,0.26212663376197676,0.8318,0.7362,,,,
0.0,0.1,1,M5 dataset 1 only,0.5,0.307,0.9742,0.002242292928124045,0.9764,0.002146981580261274,0.9978,0.000662661168294018,1.0,0.0,2.491931522469943,8.686581747771017e-05,-0.0007538616443304115,0.001413069624576762,0.09924613835566967,0.001413069624576762,1.0,0.0,1.0,0.0,2.4920421962195047,0.0,0.0,0.0,0.0,,,,
0.0,0.1,1,M5 dataset 2 only,0.5,0.307,0.946,0.0031966926296961603,0.9738,0.002259144250938684,0.9722,0.0023251910249827926,1.0,0.0,2.3920086998023327,0.0001736567186403191,-0.0014042863921737644,0.0014207131341108098,-0.0014042863921737616,0.0014207131341108098,0.0,0.0,0.0,0.0,2.3919355613287516,0.0,0.0,0.0,0.0,,,,
0.0,0.2,1,M1 intersection,0.5,0.0,0.9232,0.003766057439515168,0.9512,0.0030472231808357526,0.972,0.0023332999930938056,1.0,0.0,2.3298118703625685,0.0011955827030019114,0.05544112289282237,0.0011627819170795088,-0.006805250238982234,0.0013386546063247037,0.5034,0.007071611523401691,0.0768,0.003766057439515169,2.3675630176187323,0.5000384462114268,0.2663004753819222,0.0,0.0,,,,
0.0,0.2,1,M2 convex (oracle),0.5,0.0,0.9472,0.00316297848341991,0.975,0.002208161043728244,0.9722,0.0023251910249827926,1.0,0.0,2.334282620514946,0.0010159050087713444,-0.0010790740182519943,0.000994439073598529,-0.0014042863921737616,0.0014207131341108098,0.5,0.0,0.0,0.0,2.3341202739083893,0.0,0.0,1.0,0.0,0.975,0.002208161043728244,0.9722,0.0023251910249827926
0.0,0.2,1,M3 convex (split),0.5,0.0,0.9602,0.0027649088491646227,0.975,0.002208161043728244,0.985,0.001719183270690954,1.0,0.0,2.457932823701123,0.0019344243511772881,-3.312747461134826e-05,0.001450950469317371,0.049360405072282836,0.0017808734848575385,0.49918,0.004960361801102775,0.2547028,0.00429555939785962,2.43451763453644,0.3507505466698489,0.30374191792161404,0.6442,0.5118,,,,
0.0,0.2,1,M4 convex (plug-in),0.5,0.0,0.9096,0.004055719143574208,0.9376,0.003421050820689974,0.972,0.0023332999930938056,1.0,0.0,2.299389137411484,0.0009816781511469174,0.038140335606735826,0.0011978043349586461,0.0036368969249408437,0.0014306082839076807,0.5017794,0.003965924661262713,0.15461,0.002947611206106476,2.322722774749117,0.2804332221653826,0.20842758721393473,0.8318,0.4804,,,,
0.0,0.2,1,M5 dataset 1 only,0.5,0.0,0.9762,0.0021558389383962945,0.9764,0.002146981580261274,0.9998,0.00019999999999999998,1.0,0.0,2.591931522469943,8.686581747771015e-05,-0.0007538616443302245,0.0014130696245767621,0.19924613835566996,0.001413069624576762,1.0,0.0,1.0,0.0,2.5920421962195053,0.0,0.0,0.0,0.0,,,,
0.0,0.2,1,M5 dataset 2 only,0.5,0.0,0.946,0.0031966926296961603,0.9738,0.002259144250938684,0.9722,0.0023251910249827926,1.0,0.0,2.3920086998023327,0.0001736567186403191,-0.0014042863921737644,0.0014207131341108098,-0.0014042863921737616,0.0014207131341108098,0.0,0.0,0.0,0.0,2.3919355613287516,0.0,0.0,0.0,0.0,,,,
0.0,0.5,1,M1 intersection,0.5,0.0,0.9234,0.003761557903791023,0.9512,0.0030472231808357526,0.9722,0.0023251910249827926,1.0,0.0,2.335161040761862,0.001193414825976429,0.05544112289282237,0.0011627819170795088,-0.0014297088157609662,0.0014197985478905317,0.5034,0.007071611523401691,0.0004,0.0002828144211304648,2.375377942331089,0.5000384462114268,0.019997999499869967,0.0,0.0,,,,
0.0,0.5,1,M2 convex (oracle),0.5,0.0,0.9472,0.00316297848341991,0.975,0.002208161043728244,0.9722,0.0023251910249827926,1.0,0.0,2.334282620514946,0.0010159050087713444,-0.001079074018251977,0.000994439073598529,-0.0014042863921737616,0.0014207131341108098,0.5,0.0,0.0,0.0,2.3341202739083893,0.0,0.0,1.0,0.0,0.975,0.002208161043728244,0.9722,0.0023251910249827926
0.0,0.5,1,M3 convex (split),0.5,0.0,0.952,0.0030234133368828558,0.975,0.002208161043728244,0.9768,0.002129145051829571,1.0,0.0,2.450113270978091,0.0018242958620296348,-3.312747461132881e-05,0.001450950469317371,0.022059595536050643,0.0019416364703169903,0.49918,0.004960361801102775,0.047026599999999995,0.00197924814592123,2.446808513266718,0.3507505466698489,0.1399539785631803,0.6442,0.1424,,,,
0.0,0.5,1,M4 convex (plug-in),0.5,0.0,0.9098,0.004051675605850375,0.9376,0.003421050820689974,0.9722,0.0023251910249827926,1.0,0.0,2.3136636473617544,0.0010950518143648235,0.038140335606735846,0.0011978043349586461,-0.0010646087863805053,0.0014304186844743493,0.5017794,0.003965924661262713,0.0033292,0.0004340470076304715,2.3335383146843047,0.2804332221653826,0.030691758244923557,0.8318,0.0182,,,,
0.0,0.5,1,M5 dataset 1 only,0.5,0.0,0.9764,0.002146981580261274,0.9764,0.002146981580261274,1.0,0.0,1.0,0.0,2.8919315224699433,8.686581747771016e-05,-0.0007538616443301885,0.001413069624576762,0.4992461383556698,0.001413069624576762,1.0,0.0,1.0,0.0,2.892042196219505,0.0,0.0,0.0,0.0,,,,
0.0,0.5,1,M5 dataset 2 only,0.5,0.0,0.946,0.0031966926296961603,0.9738,0.002259144250938684,0.9722,0.0023251910249827926,1.0,0.0,2.3920086998023327,0.0001736567186403191,-0.0014042863921737644,0.0014207131341108098,-0.0014042863921737616,0.0014207131341108098,0.0,0.0,0.0,0.0,2.3919355613287516,0.0,0.0,0.0,0.0,,,,
0.0,1.0,1,M1 intersection,0.5,0.0,0.9234,0.003761557903791023,0.9512,0.0030472231808357526,0.9722,0.0023251910249827926,1.0,0.0,2.3351905201423557,0.0011935255681824867,0.055441122892822374,0.0011627819170795088,-0.0014042863921737616,0.0014207131341108098,0.5034,0.007071611523401691,0.0,0.0,2.3753948857820153,0.5000384462114268,0.0,0.0,0.0,,,,
0.0,1.0,1,M2 convex (oracle),0.5,0.0,0.9472,0.00316297848341991,0.975,0.002208161043728244,0.9722,0.0023251910249827926,1.0,0.0,2.334282620514946,0.0010159050087713447,-0.0010790740182519765,0.0009944390735985287,-0.0014042863921737616,0.0014207131341108098,0.5,0.0,0.0,0.0,2.3341202739083893,0.0,0.0,1.0,0.0,0.975,0.002208161043728244,0.9722,0.0023251910249827926
0.0,1.0,1,M3 convex (split),0.5,0.0,0.948,0.003140250345823863,0.975,0.002208161043728244,0.9728,0.0023006717754003128,1.0,0.0,2.433397009339179,0.0015345929448684261,-3.3127474611330146e-05,0.001450950469317371,-0.0012978775316127076,0.0017101823450646376,0.49918,0.004960361801102775,0.000241,0.00011014812899938163,2.4439507400191407,0.3507505466698489,0.007788648895047335,0.6442,0.0012,,,,
0.0,1.0,1,M4 convex (plug-in),0.5,0.0,0.9098,0.004051675605850375,0.9376,0.003421050820689974,0.9722,0.0023251910249827926,1.0,0.0,2.3138428169368015,0.0010970383098165908,0.038140335606735846,0.0011978043349586461,-0.0014042863921737616,0.0014207131341108098,0.5017794,0.003965924661262713,0.0,0.0,2.3335900797209517,0.2804332221653826,0.0,0.8318,0.0,,,,
0.0,1.0,1,M5 dataset 1 only,0.5,0.0,0.9764,0.002146981580261274,0.9764,0.002146981580261274,1.0,0.0,1.0,0.0,3.391931522469943,8.68658174777103e-05,-0.0007538616443301876,0.0014130696245767621,0.99924613835567,0.0014130696245767621,1.0,0.0,1.0,0.0,3.3920421962195046,0.0,0.0,0.0,0.0,,,,
0.0,1.0,1,M5 dataset 2 only,0.5,0.0,0.946,0.0031966926296961603,0.9738,0.002259144250938684,0.9722,0.0023251910249827926,1.0,0.0,2.3920086998023327,0.0001736567186403191,-0.0014042863921737644,0.0014207131341108098,-0.0014042863921737616,0.0014207131341108098,0.0,0.0,0.0,0.0,2.3919355613287516,0.0,0.0,0.0,0.0,,,,
0.05,0.0,1,M1 intersection,0.592,0.5,0.916,0.003923248446845436,0.9698,0.0024204883293977167,0.9458,0.0032022683998348595,1.0,0.0,2.3002123930624117,0.0012272707799558637,0.03411381069358704,0.0011779713009518683,-0.057599270929326325,0.001176904169023659,0.6398,0.006789728424791119,0.4966,0.007071611523401691,2.3207589875341967,0.48010630115848557,0.5000384462114268,0.0,0.0,,,,
0.05,0.0,1,M2 convex (oracle),0.592,0.5,0.9598,0.002778189278492995,0.9876,0.0015651638724394061,0.9722,0.002325191024982793,1.0,0.0,2.2998662137123,0.00019521057125087708,-0.021419234941450295,0.0010106458352720394,-0.001079074018251973,0.0009944390735985287,0.5919999999999999,1.570249491484956e-18,0.5,0.0,2.299954674032663,1.1103340635837404e-16,0.0,1.0,1.0,0.9754,0.0021908737949953025,0.9722,0.002325191024982793
0.05,0.0,1,M3 convex (split),0.592,0.5,0.9554,0.0029195672238458413,0.983,0.0018283513266642007,0.972,0.0023332999930938056,1.0,0.0,2.4215574390784234,0.0018928720361059204,-0.02189186592225017,0.0014789028097517173,-0.0015059247756475326,0.0014806929775905515,0.5642196,0.0049143716673594184,0.5004719999999999,0.004968940739998368,2.386665352500346,0.3474985531260885,0.35135716925669475,0.6292,0.6472,,,,
0.05,0.0,1,M4 convex (plug-in),0.592,0.5,0.901,0.004224141175876434,0.9648,0.002606444073856569,0.9358,0.003466709623709927,1.0,0.0,2.258775992883351,0.0008371928189017052,0.01728639509612661,0.0012266396091614588,-0.04034382382476692,0.001217600235146474,0.5979282000000001,0.003905927672544466,0.49847660000000005,0.003970427194762521,2.283039447375172,0.27619079440803807,0.28075159936240596,0.8038,0.8336,,,,
0.05,0.0,1,M5 dataset 1 only,0.592,0.5,0.949,0.0031115488662833905,0.9764,0.002146981580261274,0.9726,0.002308877255905252,1.0,0.0,2.391931522469943,8.68658174777102e-05,-0.0007538616443301903,0.0014130696245767621,-0.0007538616443301884,0.001413069624576762,1.0,0.0,1.0,0.0,2.392042196219505,0.0,0.0,0.0,0.0,,,,
0.05,0.0,1,M5 dataset 2 only,0.592,0.5,0.9652,0.0025921295930499758,0.993,0.0011791853525290768,0.9722,0.0023251910249827926,1.0,0.0,2.442008699802332,0.00017365671864031905,-0.051404286392173586,0.0014207131341108098,-0.0014042863921737586,0.0014207131341108098,0.0,0.0,0.0,0.0,2.4419355613287514,0.0,0.0,0.0,0.0,,,,
0.05,0.05,1,M1 intersection,0.592,0.40800000000000003,0.9338,0.0035165302781348844,0.9698,0.0024204883293977167,0.9638,0.0026418379703479766,1.0,0.0,2.3215843417124598,0.001305393830887389,0.034113810693587064,0.0011779713009518683,-0.03627195873009098,0.0011977519773029677,0.6398,0.006789728424791119,0.3602,0.006789728424791118,2.3409464597175265,0.48010630115848557,0.4801063011584855,0.0,0.0,,,,
0.05,0.05,1,M2 convex (oracle),0.592,0.40800000000000003,0.9744,0.002233814223519279,0.9876,0.0015651638724394061,0.9868,0.0016142097554614535,1.0,0.0,2.322535351421168,0.00037723097674778605,-0.021419234941450274,0.0010106458352720394,0.019261086904946358,0.0010126156490647736,0.5919999999999999,1.570249491484956e-18,0.408,7.85124745742478e-19,2.3224711125998594,1.1103340635837404e-16,5.551670317918702e-17,1.0,1.0,0.9754,0.0021908737949953025,0.9728,0.0023006717754003128
0.05,0.05,1,M3 convex (split),0.592,0.40800000000000003,0.9648,0.002606444073856569,0.983,0.0018283513266642007,0.9814,0.001910899868559714,1.0,0.0,2.4438517374697293,0.0019406486853916652,-0.02189186592225015,0.0014789028097517173,0.020339029449488327,0.0015108861444640951,0.5642196,0.0049143716673594184,0.4348717999999999,0.004918440322296571,2.4093347729116323,0.3474985531260885,0.34778625047572537,0.6292,0.6318,,,,
0.05,0.05,1,M4 convex (plug-in),0.592,0.40800000000000003,0.9226,0.0037795112039770693,0.9648,0.002606444073856569,0.9576,0.002849924984009736,1.0,0.0,2.281285678048623,0.0008972038100918811,0.01728639509612663,0.0012266396091614588,-0.019439271739820033,0.0012424457605353391,0.5979282000000001,0.003905927672544466,0.402344,0.0039070135095380385,2.3076503064941063,0.27619079440803807,0.2762675746781799,0.8038,0.8048,,,,
0.05,0.05,1,M5 dataset 1 only,0.592,0.40800000000000003,0.9678,0.0024967736733142536,0.9764,0.002146981580261274,0.9914,0.0013059667338113804,1.0,0.0,2.4419315224699427,8.686581747771027e-05,-0.0007538616443301572,0.0014130696245767621,0.04924613835566967,0.0014130696245767621,1.0,0.0,1.0,0.0,2.442042196219505,0.0,0.0,0.0,0.0,,,,
0.05,0.05,1,M5 dataset 2 only,0.592,0.40800000000000003,0.9652,0.0025921295930499758,0.993,0.0011791853525290768,0.9722,0.0023251910249827926,1.0,0.0,2.442008699802332,0.00017365671864031905,-0.051404286392173586,0.0014207131341108098,-0.0014042863921737586,0.0014207131341108098,0.0,0.0,0.0,0.0,2.4419355613287514,0.0,0.0,0.0,0.0,,,,
0.05,0.1,1,M1 intersection,0.592,0.307,0.94,0.003358907032248773,0.9698,0.0024204883293977167,0.97,0.0024127088993176463,1.0,0.0,2.3363929321338306,0.001354743064975729,0.0341138106935869,0.0011779713009518681,-0.02147678662279278,0.0012417196876794284,0.6398,0.006789728424791119,0.2406,0.006045629655179475,2.3578112168984022,0.48010630115848557,0.42749057257198964,0.0,0.0,,,,
0.05,0.1,1,M2 convex (oracle),0.592,0.307,0.9774,0.0021020779591511985,0.9876,0.0015651638724394061,0.9898,0.0014211248781102373,1.0,0.0,2.34040759907658,0.0005801954500175437,-0.021419234941450427,0.0010106458352720394,0.029495394005414347,0.001069985843719596,0.5919999999999999,1.570249491484956e-18,0.307,0.0,2.3403838490514692,1.1103340635837404e-16,0.0,1.0,1.0,0.9754,0.0021908737949953025,0.9726,0.0023088772559052523
0.05,0.1,1,M3 convex (split),0.592,0.307,0.9682,0.002481730000777552,0.983,0.0018283513266642007,0.985,0.0017191832706909536,1.0,0.0,2.460702136748747,0.0019773135134893726,-0.021891865922250293,0.001478902809751717,0.03564514325382088,0.001581784575861982,0.5642196,0.0049143716673594184,0.37188060000000006,0.004784871211143456,2.429556312051315,0.3474985531260885,0.3383414880503826,0.6292,0.6068,,,,
0.05,0.1,1,M4 convex (plug-in),0.592,0.307,0.933,0.003536198656776516,0.9648,0.002606444073856569,0.968,0.0024892648087050866,1.0,0.0,2.2990832104994854,0.0009729738353628412,0.017286395096126478,0.0012266396091614585,-0.005970109447013098,0.0013017521935198813,0.5979282000000001,0.003905927672544466,0.3103052,0.0037070304052539273,2.3280204328432164,0.27619079440803807,0.26212663376197676,0.8038,0.7362,,,,
0.05,0.1,1,M5 dataset 1 only,0.592,0.307,0.9742,0.002242292928124045,0.9764,0.002146981580261274,0.9978,0.000662661168294018,1.0,0.0,2.491931522469943,8.686581747771017e-05,-0.0007538616443304115,0.001413069624576762,0.09924613835566967,0.001413069624576762,1.0,0.0,1.0,0.0,2.4920421962195047,0.0,0.0,0.0,0.0,,,,
0.05,0.1,1,M5 dataset 2 only,0.592,0.307,0.9652,0.0025921295930499758,0.993,0.0011791853525290768,0.9722,0.0023251910249827926,1.0,0.0,2.442008699802332,0.00017365671864031905,-0.051404286392173586,0.0014207131341108098,-0.0014042863921737586,0.0014207131341108098,0.0,0.0,0.0,0.0,2.4419355613287514,0.0,0.0,0.0,0.0,,,,
0.05,0.2,1,M1 intersection,0.592,0.0,0.9418,0.0033113056260317924,0.9698,0.0024204883293977167,0.972,0.0023332999930938056,1.0,0.0,2.3510945461109913,0.0013999403868625911,0.034113810693587016,0.0011779713009518683,-0.006805250238982231,0.0013386546063247037,0.6398,0.006789728424791119,0.0768,0.003766057439515169,2.3786888900155843,0.48010630115848557,0.2663004753819222,0.0,0.0,,,,
0.05,0.2,1,M2 convex (oracle),0.592,0.0,0.9598,0.0027781892784929946,0.9876,0.0015651638724394061,0.9722,0.0023251910249827926,1.0,0.0,2.3569418682518424,0.001199500329667942,-0.021419234941450316,0.0010106458352720394,-0.0014042863921737586,0.0014207131341108098,0.5919999999999999,1.570249491484956e-18,0.0,0.0,2.3566038788529857,1.1103340635837404e-16,0.0,1.0,0.0,0.9754,0.0021908737949953025,0.9722,0.0023251910249827926
0.05,0.2,1,M3 convex (split),0.592,0.0,0.9682,0.002481730000777552,0.983,0.0018283513266642007,0.985,0.001719183270690954,1.0,0.0,2.480262648776628,0.002055685810542914,-0.02189186592225019,0.0014789028097517173,0.04936040507228282,0.001780873484857539,0.5642196,0.0049143716673594184,0.2547028,0.00429555939785962,2.460164118928372,0.3474985531260885,0.30374191792161404,0.6292,0.5118,,,,
0.05,0.2,1,M4 convex (plug-in),0.592,0.0,0.9368,0.003441441660720232,0.9648,0.002606444073856569,0.972,0.0023332999930938056,1.0,0.0,2.321883231720577,0.001123540263241632,0.017286395096126592,0.0012266396091614588,0.0036368969249408437,0.0014306082839076807,0.5979282000000001,0.003905927672544466,0.15461,0.002947611206106476,2.3489567565616283,0.27619079440803807,0.20842758721393473,0.8038,0.4804,,,,
0.05,0.2,1,M5 dataset 1 only,0.592,0.0,0.9762,0.0021558389383962945,0.9764,0.002146981580261274,0.9998,0.00019999999999999998,1.0,0.0,2.591931522469943,8.686581747771015e-05,-0.0007538616443302245,0.0014130696245767621,0.19924613835566996,0.001413069624576762,1.0,0.0,1.0,0.0,2.5920421962195053,0.0,0.0,0.0,0.0,,,,
0.05,0.2,1,M5 dataset 2 only,0.592,0.0,0.9652,0.0025921295930499758,0.993,0.0011791853525290768,0.9722,0.0023251910249827926,1.0,0.0,2.442008699802332,0.00017365671864031905,-0.051404286392173586,0.0014207131341108098,-0.0014042863921737586,0.0014207131341108098,0.0,0.0,0.0,0.0,2.4419355613287514,0.0,0.0,0.0,0.0,,,,
0.05,0.5,1,M1 intersection,0.592,0.0,0.942,0.0033059621711652174,0.9698,0.0024204883293977167,0.9722,0.0023251910249827926,1.0,0.0,2.356443716510285,0.001419898542084095,0.03411381069358704,0.0011779713009518683,-0.0014297088157609631,0.0014197985478905317,0.6398,0.006789728424791119,0.0004,0.0002828144211304648,2.3897171453408674,0.48010630115848557,0.019997999499869967,0.0,0.0,,,,
0.05,0.5,1,M2 convex (oracle),0.592,0.0,0.9598,0.0027781892784929946,0.9876,0.0015651638724394061,0.9722,0.0023251910249827926,1.0,0.0,2.3569418682518424,0.001199500329667942,-0.02141923494145029,0.0010106458352720394,-0.0014042863921737586,0.0014207131341108098,0.5919999999999999,1.570249491484956e-18,0.0,0.0,2.3566038788529857,1.1103340635837404e-16,0.0,1.0,0.0,0.9754,0.0021908737949953025,0.9722,0.0023251910249827926
0.05,0.5,1,M3 convex (split),0.592,0.0,0.96,0.002771558461815564,0.983,0.0018283513266642007,0.9768,0.002129145051829571,1.0,0.0,2.472443096053596,0.0019843766309039445,-0.02189186592225017,0.0014789028097517173,0.02205959553605064,0.0019416364703169907,0.5642196,0.0049143716673594184,0.047026599999999995,0.00197924814592123,2.468187081625196,0.3474985531260885,0.1399539785631803,0.6292,0.1424,,,,
0.05,0.5,1,M4 convex (plug-in),0.592,0.0,0.937,0.003436358786905475,0.9648,0.002606444073856569,0.9722,0.0023251910249827926,1.0,0.0,2.3361577416708474,0.0012715471115572862,0.01728639509612661,0.0012266396091614588,-0.0010646087863805018,0.0014304186844743495,0.5979282000000001,0.003905927672544466,0.0033292,0.0004340470076304715,2.356261766561798,0.27619079440803807,0.030691758244923557,0.8038,0.0182,,,,
0.05,0.5,1,M5 dataset 1 only,0.592,0.0,0.9764,0.002146981580261274,0.9764,0.002146981580261274,1.0,0.0,1.0,0.0,2.8919315224699433,8.686581747771016e-05,-0.0007538616443301885,0.001413069624576762,0.4992461383556698,0.001413069624576762,1.0,0.0,1.0,0.0,2.892042196219505,0.0,0.0,0.0,0.0,,,,
0.05,0.5,1,M5 dataset 2 only,0.592,0.0,0.9652,0.0025921295930499758,0.993,0.0011791853525290768,0.9722,0.0023251910249827926,1.0,0.0,2.442008699802332,0.00017365671864031905,-0.051404286392173586,0.0014207131341108098,-0.0014042863921737586,0.0014207131341108098,0.0,0.0,0.0,0.0,2.4419355613287514,0.0,0.0,0.0,0.0,,,,
0.05,1.0,1,M1 intersection,0.592,0.0,0.942,0.0033059621711652174,0.9698,0.0024204883293977167,0.9722,0.0023251910249827926,1.0,0.0,2.356473195890778,0.0014201108760121253,0.03411381069358704,0.0011779713009518683,-0.0014042863921737586,0.0014207131341108098,0.6398,0.006789728424791119,0.0,0.0,2.3898545555118718,0.48010630115848557,0.0,0.0,0.0,,,,
0.05,1.0,1,M2 convex (oracle),0.592,0.0,0.9598,0.0027781892784929946,0.9876,0.0015651638724394061,0.9722,0.0023251910249827926,1.0,0.0,2.3569418682518424,0.001199500329667942,-0.021419234941450295,0.0010106458352720394,-0.0014042863921737586,0.0014207131341108098,0.5919999999999999,1.570249491484956e-18,0.0,0.0,2.3566038788529857,1.1103340635837404e-16,0.0,1.0,0.0,0.9754,0.0021908737949953025,0.9722,0.0023251910249827926
0.05,1.0,1,M3 convex (split),0.592,0.0,0.956,0.002900772810231666,0.983,0.0018283513266642007,0.9728,0.0023006717754003128,1.0,0.0,2.455726834414684,0.0016681235083986362,-0.02189186592225017,0.0014789028097517173,-0.0012978775316127066,0.0017101823450646379,0.5642196,0.0049143716673594184,0.000241,0.00011014812899938163,2.4681382789616615,0.3474985531260885,0.007788648895047335,0.6292,0.0012,,,,
0.05,1.0,1,M4 convex (plug-in),0.592,0.0,0.937,0.003436358786905475,0.9648,0.002606444073856569,0.9722,0.0023251910249827926,1.0,0.0,2.3363369112458954,0.0012740323060587535,0.01728639509612661,0.0012266396091614588,-0.0014042863921737586,0.0014207131341108098,0.5979282000000001,0.003905927672544466,0.0,0.0,2.3562835323186437,0.27619079440803807,0.0,0.8038,0.0,,,,
0.05,1.0,1,M5 dataset 1 only,0.592,0.0,0.9764,0.002146981580261274,0.9764,0.002146981580261274,1.0,0.0,1.0,0.0,3.391931522469943,8.68658174777103e-05,-0.0007538616443301876,0.0014130696245767621,0.99924613835567,0.0014130696245767621,1.0,0.0,1.0,0.0,3.3920421962195046,0.0,0.0,0.0,0.0,,,,
0.05,1.0,1,M5 dataset 2 only,0.592,0.0,0.9652,0.0025921295930499758,0.993,0.0011791853525290768,0.9722,0.0023251910249827926,1.0,0.0,2.442008699802332,0.00017365671864031905,-0.051404286392173586,0.0014207131341108098,-0.0014042863921737586,0.0014207131341108098,0.0,0.0,0.0,0.0,2.4419355613287514,0.0,0.0,0.0,0.0,,,,
0.1,0.0,1,M1 intersection,0.6930000000000001,0.5,0.9204,0.0038282762622135784,0.9744,0.002233814223519279,0.9458,0.0032022683998348595,1.0,0.0,2.314994146855637,0.0012100725527685243,0.019318638586288784,0.0012263137930900924,-0.05759927092932631,0.001176904169023659,0.7594,0.006045629655179476,0.4966,0.007071611523401691,2.340946459717527,0.4274905725719897,0.5000384462114268,0.0,0.0,,,,
0.1,0.0,1,M2 convex (oracle),0.6930000000000001,0.5,0.9636,0.0026488509362092186,0.9914,0.0013059667338113804,0.9722,0.002325191024982793,1.0,0.0,2.3177286814991245,0.00039314759460635606,-0.031653542041918184,0.0010660717275044976,-0.001079074018251969,0.0009944390735985287,0.693,1.570249491484956e-18,0.5,0.0,2.317648228513555,1.1103340635837404e-16,0.0,1.0,1.0,0.9748,0.0022167486990994248,0.9722,0.002325191024982793
0.1,0.0,1,M3 convex (split),0.6930000000000001,0.5,0.9586,0.0028175868680755576,0.9862,0.001649986815492251,0.972,0.0023332999930938056,1.0,0.0,2.4384570523476485,0.0018995680975696261,-0.037229603768369056,0.0015450372045121327,-0.001505924775647522,0.0014806929775905515,0.6272454,0.00478463156111347,0.5004719999999999,0.004968940739998368,2.406870259951969,0.3383245422342512,0.35135716925669475,0.606,0.6472,,,,
0.1,0.0,1,M4 convex (plug-in),0.6930000000000001,0.5,0.909,0.004067813838154884,0.973,0.002292433434193901,0.9358,0.003466709623709927,1.0,0.0,2.2765631756142857,0.0008756710140808854,0.0038473290876075822,0.0012898436836381092,-0.040343823824766915,0.0012176002351464738,0.6899038000000001,0.0037068887647156057,0.49847660000000005,0.003970427194762521,2.3023158212875288,0.26211661826346294,0.28075159936240596,0.7358,0.8336,,,,
0.1,0.0,1,M5 dataset 1 only,0.6930000000000001,0.5,0.949,0.0031115488662833905,0.9764,0.002146981580261274,0.9726,0.002308877255905252,1.0,0.0,2.391931522469943,8.68658174777102e-05,-0.0007538616443301903,0.0014130696245767621,-0.0007538616443301884,0.001413069624576762,1.0,0.0,1.0,0.0,2.392042196219505,0.0,0.0,0.0,0.0,,,,
0.1,0.0,1,M5 dataset 2 only,0.6930000000000001,0.5,0.97,0.0024127088993176463,0.9978,0.000662661168294018,0.9722,0.0023251910249827926,1.0,0.0,2.4920086998023327,0.0001736567186403192,-0.10140428639217385,0.0014207131341108098,-0.0014042863921737475,0.0014207131341108098,0.0,0.0,0.0,0.0,2.4919355613287513,0.0,0.0,0.0,0.0,,,,
0.1,0.05,1,M1 intersection,0.6930000000000001,0.40800000000000003,0.9384,0.0034005000632459964,0.9744,0.002233814223519279,0.9638,0.0026418379703479766,1.0,0.0,2.336366095505685,0.0013533063410032797,0.01931863858628881,0.0012263137930900927,-0.03627195873009097,0.0011977519773029677,0.7594,0.006045629655179476,0.3602,0.006789728424791118,2.3578112168984022,0.4274905725719897,0.4801063011584855,0.0,0.0,,,,
0.1,0.05,1,M2 convex (oracle),0.6930000000000001,0.40800000000000003,0.9782,0.00206538257013857,0.9914,0.0013059667338113804,0.9868,0.0016142097554614535,1.0,0.0,2.340397819207992,0.0005781007259226214,-0.03165354204191816,0.0010660717275044976,0.019261086904946365,0.0010126156490647736,0.693,1.570249491484956e-18,0.408,7.85124745742478e-19,2.3402516174016506,1.1103340635837404e-16,5.551670317918702e-17,1.0,1.0,0.9748,0.0022167486990994248,0.9728,0.0023006717754003128
0.1,0.05,1,M3 convex (split),0.6930000000000001,0.40800000000000003,0.968,0.002489264808705087,0.9862,0.001649986815492251,0.9814,0.001910899868559714,1.0,0.0,2.460751350738955,0.0019799417823518216,-0.03722960376836903,0.0015450372045121327,0.02033902944948834,0.001510886144464095,0.6272454,0.00478463156111347,0.4348717999999999,0.004918440322296571,2.4296837837386676,0.3383245422342512,0.34778625047572537,0.606,0.6318,,,,
0.1,0.05,1,M4 convex (plug-in),0.6930000000000001,0.40800000000000003,0.9308,0.0035895471817199943,0.973,0.002292433434193901,0.9576,0.002849924984009736,1.0,0.0,2.2990728607795576,0.0009719549943620735,0.0038473290876076057,0.0012898436836381092,-0.019439271739820026,0.001242445760535339,0.6899038000000001,0.0037068887647156057,0.402344,0.0039070135095380385,2.328229299036569,0.26211661826346294,0.2762675746781799,0.7358,0.8048,,,,
0.1,0.05,1,M5 dataset 1 only,0.6930000000000001,0.40800000000000003,0.9678,0.0024967736733142536,0.9764,0.002146981580261274,0.9914,0.0013059667338113804,1.0,0.0,2.4419315224699427,8.686581747771027e-05,-0.0007538616443301572,0.0014130696245767621,0.04924613835566967,0.0014130696245767621,1.0,0.0,1.0,0.0,2.442042196219505,0.0,0.0,0.0,0.0,,,,
0.1,0.05,1,M5 dataset 2 only,0.6930000000000001,0.40800000000000003,0.97,0.0024127088993176463,0.9978,0.000662661168294018,0.9722,0.0023251910249827926,1.0,0.0,2.4920086998023327,0.0001736567186403192,-0.10140428639217385,0.0014207131341108098,-0.0014042863921737475,0.0014207131341108098,0.0,0.0,0.0,0.0,2.4919355613287513,0.0,0.0,0.0,0.0,,,,
0.1,0.1,1,M1 intersection,0.6930000000000001,0.307,0.9446,0.0032354693094403583,0.9744,0.002233814223519279,0.97,0.0024127088993176463,1.0,0.0,2.3511746859270564,0.0014659771665227078,0.019318638586288617,0.0012263137930900922,-0.021476786622792777,0.001241719687679428,0.7594,0.006045629655179476,0.2406,0.006045629655179475,2.3701545525476164,0.4274905725719897,0.42749057257198964,0.0,0.0,,,,
0.1,0.1,1,M2 convex (oracle),0.6930000000000001,0.307,0.9812,0.0019209502882693247,0.9914,0.0013059667338113804,0.9898,0.0014211248781102373,1.0,0.0,2.3582700668634042,0.0007818873593969675,-0.03165354204191834,0.0010660717275044976,0.02949539400541435,0.001069985843719596,0.693,1.570249491484956e-18,0.307,0.0,2.358114940233309,1.1103340635837404e-16,0.0,1.0,1.0,0.9748,0.0022167486990994248,0.9726,0.0023088772559052523
0.1,0.1,1,M3 convex (split),0.6930000000000001,0.307,0.9714,0.0023574391834999225,0.9862,0.001649986815492251,0.985,0.0017191832706909536,1.0,0.0,2.4776017500179726,0.0020524308400368028,-0.03722960376836919,0.0015450372045121325,0.03564514325382089,0.0015817845758619817,0.6272454,0.00478463156111347,0.37188060000000006,0.004784871211143456,2.4490108505011845,0.3383245422342512,0.3383414880503826,0.606,0.6068,,,,
0.1,0.1,1,M4 convex (plug-in),0.6930000000000001,0.307,0.9412,0.003327270073983933,0.973,0.002292433434193901,0.968,0.0024892648087050866,1.0,0.0,2.3168703932304195,0.001076365568325374,0.00384732908760743,0.001289843683638109,-0.005970109447013088,0.001301752193519881,0.6899038000000001,0.0037068887647156057,0.3103052,0.0037070304052539273,2.3486034492747754,0.26211661826346294,0.26212663376197676,0.7358,0.7362,,,,
0.1,0.1,1,M5 dataset 1 only,0.6930000000000001,0.307,0.9742,0.002242292928124045,0.9764,0.002146981580261274,0.9978,0.000662661168294018,1.0,0.0,2.491931522469943,8.686581747771017e-05,-0.0007538616443304115,0.001413069624576762,0.09924613835566967,0.001413069624576762,1.0,0.0,1.0,0.0,2.4920421962195047,0.0,0.0,0.0,0.0,,,,
0.1,0.1,1,M5 dataset 2 only,0.6930000000000001,0.307,0.97,0.0024127088993176463,0.9978,0.000662661168294018,0.9722,0.0023251910249827926,1.0,0.0,2.4920086998023327,0.0001736567186403192,-0.10140428639217385,0.0014207131341108098,-0.0014042863921737475,0.0014207131341108098,0.0,0.0,0.0,0.0,2.4919355613287513,0.0,0.0,0.0,0.0,,,,
0.1,0.2,1,M1 intersection,0.6930000000000001,0.0,0.9464,0.0031855042752282564,0.9744,0.002233814223519279,0.972,0.0023332999930938056,1.0,0.0,2.365876299904217,0.0015750367682056475,0.01931863858628876,0.0012263137930900924,-0.0068052502389822165,0.0013386546063247037,0.7594,0.006045629655179476,0.0768,0.003766057439515169,2.3842495688780447,0.4274905725719897,0.2663004753819222,0.0,0.0,,,,
0.1,0.2,1,M2 convex (oracle),0.6930000000000001,0.0,0.9636,0.0026488509362092186,0.9914,0.0013059667338113804,0.9722,0.0023251910249827926,1.0,0.0,2.374804336038667,0.0014019348842174103,-0.031653542041918205,0.0010660717275044976,-0.0014042863921737475,0.0014207131341108098,0.693,1.570249491484956e-18,0.0,0.0,2.3742158752404317,1.1103340635837404e-16,0.0,1.0,0.0,0.9748,0.0022167486990994248,0.9722,0.0023251910249827926
0.1,0.2,1,M3 convex (split),0.6930000000000001,0.0,0.9714,0.0023574391834999225,0.9862,0.001649986815492251,0.985,0.001719183270690954,1.0,0.0,2.497162262045854,0.0021754358645179953,-0.03722960376836908,0.0015450372045121327,0.04936040507228284,0.001780873484857539,0.6272454,0.00478463156111347,0.2547028,0.00429555939785962,2.4831585954790913,0.3383245422342512,0.30374191792161404,0.606,0.5118,,,,
0.1,0.2,1,M4 convex (plug-in),0.6930000000000001,0.0,0.945,0.003224450250179584,0.973,0.002292433434193901,0.972,0.0023332999930938056,1.0,0.0,2.3396704144515117,0.0012636362080856757,0.003847329087607558,0.0012898436836381092,0.003636896924940856,0.0014306082839076807,0.6899038000000001,0.0037068887647156057,0.15461,0.002947611206106476,2.369873267065169,0.26211661826346294,0.20842758721393473,0.7358,0.4804,,,,
0.1,0.2,1,M5 dataset 1 only,0.6930000000000001,0.0,0.9762,0.0021558389383962945,0.9764,0.002146981580261274,0.9998,0.00019999999999999998,1.0,0.0,2.591931522469943,8.686581747771015e-05,-0.0007538616443302245,0.0014130696245767621,0.19924613835566996,0.001413069624576762,1.0,0.0,1.0,0.0,2.5920421962195053,0.0,0.0,0.0,0.0,,,,
0.1,0.2,1,M5 dataset 2 only,0.6930000000000001,0.0,0.97,0.0024127088993176463,0.9978,0.000662661168294018,0.9722,0.0023251910249827926,1.0,0.0,2.4920086998023327,0.0001736567186403192,-0.10140428639217385,0.0014207131341108098,-0.0014042863921737475,0.0014207131341108098,0.0,0.0,0.0,0.0,2.4919355613287513,0.0,0.0,0.0,0.0,,,,
0.1,0.5,1,M1 intersection,0.6930000000000001,0.0,0.9466,0.0031798915613694143,0.9744,0.002233814223519279,0.9722,0.0023251910249827926,1.0,0.0,2.3712254703035107,0.0016162889711867122,0.019318638586288787,0.0012263137930900924,-0.0014297088157609523,0.0014197985478905314,0.7594,0.006045629655179476,0.0004,0.0002828144211304648,2.3897171453408674,0.4274905725719897,0.019997999499869967,0.0,0.0,,,,
0.1,0.5,1,M2 convex (oracle),0.6930000000000001,0.0,0.9636,0.0026488509362092186,0.9914,0.0013059667338113804,0.9722,0.0023251910249827926,1.0,0.0,2.374804336038667,0.0014019348842174103,-0.031653542041918184,0.0010660717275044976,-0.0014042863921737475,0.0014207131341108098,0.693,1.570249491484956e-18,0.0,0.0,2.3742158752404317,1.1103340635837404e-16,0.0,1.0,0.0,0.9748,0.0022167486990994248,0.9722,0.0023251910249827926
0.1,0.5,1,M3 convex (split),0.6930000000000001,0.0,0.9632,0.0026628124443946106,0.9862,0.001649986815492251,0.9768,0.002129145051829571,1.0,0.0,2.489342709322822,0.0021475600650817154,-0.037229603768369056,0.0015450372045121327,0.022059595536050653,0.0019416364703169903,0.6272454,0.00478463156111347,0.047026599999999995,0.00197924814592123,2.4853570635618674,0.3383245422342512,0.1399539785631803,0.606,0.1424,,,,
0.1,0.5,1,M4 convex (plug-in),0.6930000000000001,0.0,0.9452,0.0032189228466769078,0.973,0.002292433434193901,0.9722,0.0023251910249827926,1.0,0.0,2.353944924401782,0.001439957006636152,0.0038473290876075822,0.0012898436836381092,-0.0010646087863804908,0.0014304186844743495,0.6899038000000001,0.0037068887647156057,0.0033292,0.0004340470076304715,2.374143393118787,0.26211661826346294,0.030691758244923557,0.7358,0.0182,,,,
0.1,0.5,1,M5 dataset 1 only,0.6930000000000001,0.0,0.9764,0.002146981580261274,0.9764,0.002146981580261274,1.0,0.0,1.0,0.0,2.8919315224699433,8.686581747771016e-05,-0.0007538616443301885,0.001413069624576762,0.4992461383556698,0.001413069624576762,1.0,0.0,1.0,0.0,2.892042196219505,0.0,0.0,0.0,0.0,,,,
0.1,0.5,1,M5 dataset 2 only,0.6930000000000001,0.0,0.97,0.0024127088993176463,0.9978,0.000662661168294018,0.9722,0.0023251910249827926,1.0,0.0,2.4920086998023327,0.0001736567186403192,-0.10140428639217385,0.0014207131341108098,-0.0014042863921737475,0.0014207131341108098,0.0,0.0,0.0,0.0,2.4919355613287513,0.0,0.0,0.0,0.0,,,,
0.1,1.0,1,M1 intersection,0.6930000000000001,0.0,0.9466,0.0031798915613694143,0.9744,0.002233814223519279,0.9722,0.0023251910249827926,1.0,0.0,2.371254949684004,0.0016166039826255745,0.01931863858628879,0.0012263137930900924,-0.0014042863921737475,0.0014207131341108098,0.7594,0.006045629655179476,0.0,0.0,2.3898545555118718,0.4274905725719897,0.0,0.0,0.0,,,,
0.1,1.0,1,M2 convex (oracle),0.6930000000000001,0.0,0.9636,0.0026488509362092186,0.9914,0.0013059667338113804,0.9722,0.0023251910249827926,1.0,0.0,2.374804336038667,0.0014019348842174103,-0.031653542041918184,0.0010660717275044976,-0.0014042863921737475,0.0014207131341108098,0.693,1.570249491484956e-18,0.0,0.0,2.3742158752404317,1.1103340635837404e-16,0.0,1.0,0.0,0.9748,0.0022167486990994248,0.9722,0.0023251910249827926
0.1,1.0,1,M3 convex (split),0.6930000000000001,0.0,0.9592,0.0027979702871091233,0.9862,0.001649986815492251,0.9728,0.0023006717754003128,1.0,0.0,2.4726264476839095,0.0018071362079283614,-0.037229603768369056,0.0015450372045121327,-0.0012978775316126925,0.0017101823450646376,0.6272454,0.00478463156111347,0.000241,0.00011014812899938163,2.48361333391998,0.3383245422342512,0.007788648895047335,0.606,0.0012,,,,
0.1,1.0,1,M4 convex (plug-in),0.6930000000000001,0.0,0.9452,0.0032189228466769078,0.973,0.002292433434193901,0.9722,0.0023251910249827926,1.0,0.0,2.3541240939768295,0.0014429523617949603,0.0038473290876075835,0.0012898436836381092,-0.0014042863921737475,0.0014207131341108098,0.6899038000000001,0.0037068887647156057,0.0,0.0,2.374143393118787,0.26211661826346294,0.0,0.7358,0.0,,,,
0.1,1.0,1,M5 dataset 1 only,0.6930000000000001,0.0,0.9764,0.002146981580261274,0.9764,0.002146981580261274,1.0,0.0,1.0,0.0,3.391931522469943,8.68658174777103e-05,-0.0007538616443301876,0.0014130696245767621,0.99924613835567,0.0014130696245767621,1.0,0.0,1.0,0.0,3.3920421962195046,0.0,0.0,0.0,0.0,,,,
0.1,1.0,1,M5 dataset 2 only,0.6930000000000001,0.0,0.97,0.0024127088993176463,0.9978,0.000662661168294018,0.9722,0.0023251910249827926,1.0,0.0,2.4920086998023327,0.0001736567186403192,-0.10140428639217385,0.0014207131341108098,-0.0014042863921737475,0.0014207131341108098,0.0,0.0,0.0,0.0,2.4919355613287513,0.0,0.0,0.0,0.0,,,,
0.2,0.0,1,M1 intersection,1.0,0.5,0.9222,0.003788443276662869,0.9764,0.002146981580261274,0.9458,0.0032022683998348595,1.0,0.0,2.3296356056460974,0.0011896195003560743,0.004647102202478278,0.0013334001388370833,-0.05759927092932634,0.001176904169023659,0.9232,0.003766057439515168,0.4966,0.007071611523401691,2.3700810333763602,0.26630047538192214,0.5000384462114268,0.0,0.0,,,,
0.2,0.0,1,M2 convex (oracle),1.0,0.5,0.9486,0.0031230687971516655,0.9764,0.002146981580261274,0.9722,0.002325191024982793,1.0,0.0,2.3342440318487516,0.0010100756703379356,-0.0007538616443301903,0.0014130696245767621,-0.001079074018251977,0.0009944390735985287,1.0,0.0,0.5,0.0,2.3338841304587428,0.0,0.0,0.0,1.0,0.9764,0.002146981580261274,0.9722,0.002325191024982793
0.2,0.0,1,M3 convex (split),1.0,0.5,0.958,0.0028370424321734053,0.9858,0.001673389388758421,0.972,0.0023332999930938056,1.0,0.0,2.458080549992877,0.0019418340447628754,-0.050856612667679546,0.0017414370333484269,-0.0015059247756475328,0.0014806929775905513,0.7451714,0.004309399655344801,0.5004719999999999,0.004968940739998368,2.433917312692177,0.304720571913728,0.35135716925669475,0.5116,0.6472,,,,
0.2,0.0,1,M4 convex (plug-in),1.0,0.5,0.9122,0.0040026786390188075,0.9764,0.002146981580261274,0.9358,0.003466709623709927,1.0,0.0,2.2993236902679293,0.0009776098145564288,-0.005700927017050728,0.0014187842574225821,-0.04034382382476692,0.001217600235146474,0.8457437999999998,0.002951047937444903,0.49847660000000005,0.003970427194762521,2.3230405810330295,0.20867060081738656,0.28075159936240596,0.4794,0.8336,,,,
0.2,0.0,1,M5 dataset 1 only,1.0,0.5,0.949,0.0031115488662833905,0.9764,0.002146981580261274,0.9726,0.002308877255905252,1.0,0.0,2.391931522469943,8.68658174777102e-05,-0.0007538616443301903,0.0014130696245767621,-0.0007538616443301884,0.001413069624576762,1.0,0.0,1.0,0.0,2.392042196219505,0.0,0.0,0.0,0.0,,,,
0.2,0.0,1,M5 dataset 2 only,1.0,0.5,0.9722,0.0023251910249827926,1.0,0.0,0.9722,0.0023251910249827926,1.0,0.0,2.5920086998023324,0.0001736567186403191,-0.20140428639217395,0.0014207131341108098,-0.0014042863921737657,0.0014207131341108098,0.0,0.0,0.0,0.0,2.591935561328752,0.0,0.0,0.0,0.0,,,,
0.2,0.05,1,M1 intersection,1.0,0.40800000000000003,0.9402,0.003353660896435663,0.9764,0.002146981580261274,0.9638,0.0026418379703479766,1.0,0.0,2.3510075542961455,0.0013964430307472485,0.004647102202478309,0.0013334001388370835,-0.03627195873009098,0.0011977519773029677,0.9232,0.003766057439515168,0.3602,0.006789728424791118,2.3786888900155847,0.26630047538192214,0.4801063011584855,0.0,0.0,,,,
0.2,0.05,1,M2 convex (oracle),1.0,0.40800000000000003,0.9632,0.002662812444394611,0.9764,0.002146981580261274,0.9868,0.0016142097554614535,1.0,0.0,2.3569131695576195,0.0011956863071041677,-0.0007538616443301572,0.0014130696245767621,0.01926108690494635,0.0010126156490647738,1.0,0.0,0.408,7.85124745742478e-19,2.356576176906427,0.0,5.551670317918702e-17,0.0,1.0,0.9764,0.002146981580261274,0.9728,0.0023006717754003128
0.2,0.05,1,M3 convex (split),1.0,0.40800000000000003,0.9674,0.002511714502476026,0.9858,0.001673389388758421,0.9814,0.001910899868559714,1.0,0.0,2.480374848384183,0.002062866209069565,-0.050856612667679525,0.0017414370333484269,0.020339029449488327,0.001510886144464095,0.7451714,0.004309399655344801,0.4348717999999999,0.004918440322296571,2.4595358570196404,0.304720571913728,0.34778625047572537,0.5116,0.6318,,,,
0.2,0.05,1,M4 convex (plug-in),1.0,0.40800000000000003,0.934,0.003511590274113802,0.9764,0.002146981580261274,0.9576,0.002849924984009736,1.0,0.0,2.321833375433202,0.001121053809978101,-0.005700927017050699,0.0014187842574225824,-0.01943927173982004,0.0012424457605353391,0.8457437999999998,0.002951047937444903,0.402344,0.0039070135095380385,2.349091267023455,0.20867060081738656,0.2762675746781799,0.4794,0.8048,,,,
0.2,0.05,1,M5 dataset 1 only,1.0,0.40800000000000003,0.9678,0.0024967736733142536,0.9764,0.002146981580261274,0.9914,0.0013059667338113804,1.0,0.0,2.4419315224699427,8.686581747771027e-05,-0.0007538616443301572,0.0014130696245767621,0.04924613835566967,0.0014130696245767621,1.0,0.0,1.0,0.0,2.442042196219505,0.0,0.0,0.0,0.0,,,,
0.2,0.05,1,M5 dataset 2 only,1.0,0.40800000000000003,0.9722,0.0023251910249827926,1.0,0.0,0.9722,0.0023251910249827926,1.0,0.0,2.5920086998023324,0.0001736567186403191,-0.20140428639217395,0.0014207131341108098,-0.0014042863921737657,0.0014207131341108098,0.0,0.0,0.0,0.0,2.591935561328752,0.0,0.0,0.0,0.0,,,,
0.2,0.1,1,M1 intersection,1.0,0.307,0.9464,0.0031855042752282564,0.9764,0.002146981580261274,0.97,0.0024127088993176463,1.0,0.0,2.365816144717517,0.0015728467172836215,0.004647102202478075,0.0013334001388370833,-0.021476786622792794,0.0012417196876794282,0.9232,0.003766057439515168,0.2406,0.006045629655179475,2.3842495688780447,0.26630047538192214,0.42749057257198964,0.0,0.0,,,,
0.2,0.1,1,M2 convex (oracle),1.0,0.307,0.9662,0.0025559379029453633,0.9764,0.002146981580261274,0.9898,0.0014211248781102373,1.0,0.0,2.3747854172130314,0.0013996687915597186,-0.0007538616443304115,0.001413069624576762,0.029495394005414333,0.001069985843719596,1.0,0.0,0.307,0.0,2.3738884364228703,0.0,0.0,0.0,1.0,0.9764,0.002146981580261274,0.9726,0.0023088772559052523
0.2,0.1,1,M3 convex (split),1.0,0.307,0.9712,0.0023654240732285704,0.9858,0.001673389388758421,0.985,0.0017191832706909536,1.0,0.0,2.497225247663201,0.002181010237754464,-0.050856612667679726,0.0017414370333484266,0.03564514325382088,0.001581784575861982,0.7451714,0.004309399655344801,0.37188060000000006,0.004784871211143456,2.482497597656978,0.304720571913728,0.3383414880503826,0.5116,0.6068,,,,
0.2,0.1,1,M4 convex (plug-in),1.0,0.307,0.9444,0.0032409610867384924,0.9764,0.002146981580261274,0.968,0.0024892648087050866,1.0,0.0,2.339630907884064,0.0012622910246594913,-0.005700927017050915,0.0014187842574225817,-0.005970109447013102,0.0013017521935198813,0.8457437999999998,0.002951047937444903,0.3103052,0.0037070304052539273,2.369709409354548,0.20867060081738656,0.26212663376197676,0.4794,0.7362,,,,
0.2,0.1,1,M5 dataset 1 only,1.0,0.307,0.9742,0.002242292928124045,0.9764,0.002146981580261274,0.9978,0.000662661168294018,1.0,0.0,2.491931522469943,8.686581747771017e-05,-0.0007538616443304115,0.001413069624576762,0.09924613835566967,0.001413069624576762,1.0,0.0,1.0,0.0,2.4920421962195047,0.0,0.0,0.0,0.0,,,,
0.2,0.1,1,M5 dataset 2 only,1.0,0.307,0.9722,0.0023251910249827926,1.0,0.0,0.9722,0.0023251910249827926,1.0,0.0,2.5920086998023324,0.0001736567186403191,-0.20140428639217395,0.0014207131341108098,-0.0014042863921737657,0.0014207131341108098,0.0,0.0,0.0,0.0,2.591935561328752,0.0,0.0,0.0,0.0,,,,
0.2,0.2,1,M1 intersection,1.0,0.0,0.9484,0.0031288090208860357,0.9764,0.002146981580261274,0.972,0.0023332999930938056,1.0,0.0,2.380517758694677,0.0017867985597930709,0.004647102202478246,0.0013334001388370833,-0.0068052502389822364,0.0013386546063247039,0.9232,0.003766057439515168,0.0768,0.003766057439515169,2.3890701462269597,0.26630047538192214,0.2663004753819222,0.0,0.0,,,,
0.2,0.2,1,M2 convex (oracle),1.0,0.0,0.9486,0.0031230687971516655,0.9764,0.002146981580261274,0.9722,0.0023251910249827926,1.0,0.0,2.3913196863882944,0.0020199187366132625,-0.0007538616443302245,0.0014130696245767621,-0.0014042863921737657,0.0014207131341108098,1.0,0.0,0.0,0.0,2.3898545555118718,0.0,0.0,0.0,0.0,0.9764,0.002146981580261274,0.9722,0.0023251910249827926
0.2,0.2,1,M3 convex (split),1.0,0.0,0.9712,0.00236542407322857,0.9858,0.001673389388758421,0.985,0.001719183270690954,1.0,0.0,2.516785759691082,0.0023950561928960594,-0.050856612667679574,0.0017414370333484269,0.04936040507228282,0.0017808734848575385,0.7451714,0.004309399655344801,0.2547028,0.00429555939785962,2.5176712202605342,0.304720571913728,0.30374191792161404,0.5116,0.5118,,,,
0.2,0.2,1,M4 convex (plug-in),1.0,0.0,0.9484,0.0031288090208860357,0.9764,0.002146981580261274,0.972,0.0023332999930938056,1.0,0.0,2.362430929105156,0.0015012982829417155,-0.005700927017050758,0.0014187842574225821,0.0036368969249408393,0.0014306082839076807,0.8457437999999998,0.002951047937444903,0.15461,0.002947611206106476,2.389067965290923,0.20867060081738656,0.20842758721393473,0.4794,0.4804,,,,
0.2,0.2,1,M5 dataset 1 only,1.0,0.0,0.9762,0.0021558389383962945,0.9764,0.002146981580261274,0.9998,0.00019999999999999998,1.0,0.0,2.591931522469943,8.686581747771015e-05,-0.0007538616443302245,0.0014130696245767621,0.19924613835566996,0.001413069624576762,1.0,0.0,1.0,0.0,2.5920421962195053,0.0,0.0,0.0,0.0,,,,
0.2,0.2,1,M5 dataset 2 only,1.0,0.0,0.9722,0.0023251910249827926,1.0,0.0,0.9722,0.0023251910249827926,1.0,0.0,2.5920086998023324,0.0001736567186403191,-0.20140428639217395,0.0014207131341108098,-0.0014042863921737657,0.0014207131341108098,0.0,0.0,0.0,0.0,2.591935561328752,0.0,0.0,0.0,0.0,,,,
0.2,0.5,1,M1 intersection,1.0,0.0,0.9486,0.0031230687971516655,0.9764,0.002146981580261274,0.9722,0.0023251910249827926,1.0,0.0,2.385866929093971,0.0018726915918918054,0.00464710220247828,0.0013334001388370833,-0.0014297088157609703,0.0014197985478905317,0.9232,0.003766057439515168,0.0004,0.0002828144211304648,2.3898545555118718,0.26630047538192214,0.019997999499869967,0.0,0.0,,,,
0.2,0.5,1,M2 convex (oracle),1.0,0.0,0.9486,0.0031230687971516655,0.9764,0.002146981580261274,0.9722,0.0023251910249827926,1.0,0.0,2.3913196863882944,0.0020199187366132625,-0.0007538616443301885,0.001413069624576762,-0.0014042863921737657,0.0014207131341108098,1.0,0.0,0.0,0.0,2.3898545555118718,0.0,0.0,0.0,0.0,0.9764,0.002146981580261274,0.9722,0.0023251910249827926
0.2,0.5,1,M3 convex (split),1.0,0.0,0.963,0.0026697613236214613,0.9858,0.001673389388758421,0.9768,0.002129145051829571,1.0,0.0,2.5089662069680503,0.002449933803736812,-0.050856612667679546,0.0017414370333484269,0.022059595536050643,0.0019416364703169903,0.7451714,0.004309399655344801,0.047026599999999995,0.00197924814592123,2.5061216892293148,0.304720571913728,0.1399539785631803,0.5116,0.1424,,,,
0.2,0.5,1,M4 convex (plug-in),1.0,0.0,0.9486,0.0031230687971516655,0.9764,0.002146981580261274,0.9722,0.0023251910249827926,1.0,0.0,2.376705439055426,0.0017223919329753157,-0.005700927017050727,0.0014187842574225821,-0.0010646087863805092,0.0014304186844743495,0.8457437999999998,0.002951047937444903,0.0033292,0.0004340470076304715,2.3898545555118718,0.20867060081738656,0.030691758244923557,0.4794,0.0182,,,,
0.2,0.5,1,M5 dataset 1 only,1.0,0.0,0.9764,0.002146981580261274,0.9764,0.002146981580261274,1.0,0.0,1.0,0.0,2.8919315224699433,8.686581747771016e-05,-0.0007538616443301885,0.001413069624576762,0.4992461383556698,0.001413069624576762,1.0,0.0,1.0,0.0,2.892042196219505,0.0,0.0,0.0,0.0,,,,
0.2,0.5,1,M5 dataset 2 only,1.0,0.0,0.9722,0.0023251910249827926,1.0,0.0,0.9722,0.0023251910249827926,1.0,0.0,2.5920086998023324,0.0001736567186403191,-0.20140428639217395,0.0014207131341108098,-0.0014042863921737657,0.0014207131341108098,0.0,0.0,0.0,0.0,2.591935561328752,0.0,0.0,0.0,0.0,,,,
0.2,1.0,1,M1 intersection,1.0,0.0,0.9486,0.0031230687971516655,0.9764,0.002146981580261274,0.9722,0.0023251910249827926,1.0,0.0,2.3858964084744643,0.0018732322132386137,0.004647102202478281,0.0013334001388370833,-0.0014042863921737657,0.0014207131341108098,0.9232,0.003766057439515168,0.0,0.0,2.3898545555118718,0.26630047538192214,0.0,0.0,0.0,,,,
0.2,1.0,1,M2 convex (oracle),1.0,0.0,0.9486,0.0031230687971516655,0.9764,0.002146981580261274,0.9722,0.0023251910249827926,1.0,0.0,2.3913196863882944,0.0020199187366132625,-0.0007538616443301876,0.0014130696245767621,-0.0014042863921737657,0.0014207131341108098,1.0,0.0,0.0,0.0,2.3898545555118718,0.0,0.0,0.0,0.0,0.9764,0.002146981580261274,0.9722,0.0023251910249827926
0.2,1.0,1,M3 convex (split),1.0,0.0,0.959,0.0028045272461887268,0.9858,0.001673389388758421,0.9728,0.0023006717754003128,1.0,0.0,2.492249945329138,0.002084377629117001,-0.050856612667679546,0.0017414370333484269,-0.0012978775316127083,0.0017101823450646379,0.7451714,0.004309399655344801,0.000241,0.00011014812899938163,2.501596737426314,0.304720571913728,0.007788648895047335,0.5116,0.0012,,,,
0.2,1.0,1,M4 convex (plug-in),1.0,0.0,0.9486,0.0031230687971516655,0.9764,0.002146981580261274,0.9722,0.0023251910249827926,1.0,0.0,2.3768846086304736,0.0017264826694169057,-0.005700927017050725,0.0014187842574225821,-0.0014042863921737657,0.0014207131341108098,0.8457437999999998,0.002951047937444903,0.0,0.0,2.3898545555118718,0.20867060081738656,0.0,0.4794,0.0,,,,
0.2,1.0,1,M5 dataset 1 only,1.0,0.0,0.9764,0.002146981580261274,0.9764,0.002146981580261274,1.0,0.0,1.0,0.0,3.391931522469943,8.68658174777103e-05,-0.0007538616443301876,0.0014130696245767621,0.99924613835567,0.0014130696245767621,1.0,0.0,1.0,0.0,3.3920421962195046,0.0,0.0,0.0,0.0,,,,
0.2,1.0,1,M5 dataset 2 only,1.0,0.0,0.9722,0.0023251910249827926,1.0,0.0,0.9722,0.0023251910249827926,1.0,0.0,2.5920086998023324,0.0001736567186403191,-0.20140428639217395,0.0014207131341108098,-0.0014042863921737657,0.0014207131341108098,0.0,0.0,0.0,0.0,2.591935561328752,0.0,0.0,0.0,0.0,,,,
0.5,0.0,1,M1 intersection,1.0,0.5,0.9222,0.003788443276662869,0.9764,0.002146981580261274,0.9458,0.0032022683998348595,1.0,0.0,2.335037518093246,0.0011873695136588277,-0.0007284392207429857,0.0014121867018502075,-0.057599270929326325,0.001176904169023659,0.9996,0.0002828144211304648,0.4966,0.007071611523401691,2.3821349450716336,0.019997999499869967,0.5000384462114268,0.0,0.0,,,,
0.5,0.0,1,M2 convex (oracle),1.0,0.5,0.9486,0.0031230687971516655,0.9764,0.002146981580261274,0.9722,0.002325191024982793,1.0,0.0,2.3342440318487516,0.0010100756703379358,-0.0007538616443301903,0.0014130696245767621,-0.0010790740182519754,0.0009944390735985287,1.0,0.0,0.5,0.0,2.3338841304587428,0.0,0.0,0.0,1.0,0.9764,0.002146981580261274,0.9722,0.002325191024982793
0.5,0.0,1,M3 convex (split),1.0,0.5,0.9498,0.003088349005523175,0.9776,0.00209297016338527,0.972,0.0023332999930938056,1.0,0.0,2.4502313083379796,0.0018312358656318985,-0.023904979820194495,0.0019192258118481144,-0.0015059247756475302,0.0014806929775905515,0.9520574,0.0020096591569302006,0.5004719999999999,0.004968940739998368,2.446655558571852,0.1421043617738985,0.35135716925669475,0.1442,0.6472,,,,
0.5,0.0,1,M4 convex (plug-in),1.0,0.5,0.9122,0.0040026786390188075,0.9764,0.002146981580261274,0.9358,0.003466709623709927,1.0,0.0,2.313584095684996,0.0010901305639744415,-0.001087640158293684,0.001421645878839269,-0.04034382382476692,0.001217600235146474,0.9967162,0.000429366606350016,0.49847660000000005,0.003970427194762521,2.3336014893737076,0.030360803896515128,0.28075159936240596,0.0178,0.8336,,,,
0.5,0.0,1,M5 dataset 1 only,1.0,0.5,0.949,0.0031115488662833905,0.9764,0.002146981580261274,0.9726,0.002308877255905252,1.0,0.0,2.391931522469943,8.68658174777102e-05,-0.0007538616443301903,0.0014130696245767621,-0.0007538616443301884,0.001413069624576762,1.0,0.0,1.0,0.0,2.392042196219505,0.0,0.0,0.0,0.0,,,,
0.5,0.0,1,M5 dataset 2 only,1.0,0.5,0.9722,0.0023251910249827926,1.0,0.0,0.9722,0.0023251910249827926,1.0,0.0,2.8920086998023327,0.00017365671864031913,-0.5014042863921737,0.0014207131341108098,-0.0014042863921737614,0.0014207131341108098,0.0,0.0,0.0,0.0,2.8919355613287516,0.0,0.0,0.0,0.0,,,,
0.5,0.05,1,M1 intersection,1.0,0.40800000000000003,0.9402,0.003353660896435663,0.9764,0.002146981580261274,0.9638,0.0026418379703479766,1.0,0.0,2.3564094667432944,0.0014165365542069441,-0.0007284392207429527,0.0014121867018502075,-0.03627195873009098,0.0011977519773029677,0.9996,0.0002828144211304648,0.3602,0.006789728424791118,2.389717145340868,0.019997999499869967,0.4801063011584855,0.0,0.0,,,,
0.5,0.05,1,M2 convex (oracle),1.0,0.40800000000000003,0.9632,0.002662812444394611,0.9764,0.002146981580261274,0.9868,0.0016142097554614535,1.0,0.0,2.3569131695576195,0.0011956863071041675,-0.0007538616443301572,0.0014130696245767621,0.019261086904946358,0.0010126156490647736,1.0,0.0,0.408,7.85124745742478e-19,2.356576176906427,0.0,5.551670317918702e-17,0.0,1.0,0.9764,0.002146981580261274,0.9728,0.0023006717754003128
0.5,0.05,1,M3 convex (split),1.0,0.40800000000000003,0.9592,0.0027979702871091233,0.9776,0.00209297016338527,0.9814,0.001910899868559714,1.0,0.0,2.472525606729286,0.001994713234373084,-0.023904979820194464,0.0019192258118481144,0.020339029449488327,0.001510886144464095,0.9520574,0.0020096591569302006,0.4348717999999999,0.004918440322296571,2.4673855138188747,0.1421043617738985,0.34778625047572537,0.1442,0.6318,,,,
0.5,0.05,1,M4 convex (plug-in),1.0,0.40800000000000003,0.934,0.003511590274113802,0.9764,0.002146981580261274,0.9576,0.002849924984009736,1.0,0.0,2.336093780850268,0.0012684140731419196,-0.0010876401582936512,0.001421645878839269,-0.019439271739820033,0.001242445760535339,0.9967162,0.000429366606350016,0.402344,0.0039070135095380385,2.356388745298278,0.030360803896515128,0.2762675746781799,0.0178,0.8048,,,,
0.5,0.05,1,M5 dataset 1 only,1.0,0.40800000000000003,0.9678,0.0024967736733142536,0.9764,0.002146981580261274,0.9914,0.0013059667338113804,1.0,0.0,2.4419315224699427,8.686581747771027e-05,-0.0007538616443301572,0.0014130696245767621,0.04924613835566967,0.0014130696245767621,1.0,0.0,1.0,0.0,2.442042196219505,0.0,0.0,0.0,0.0,,,,
0.5,0.05,1,M5 dataset 2 only,1.0,0.40800000000000003,0.9722,0.0023251910249827926,1.0,0.0,0.9722,0.0023251910249827926,1.0,0.0,2.8920086998023327,0.00017365671864031913,-0.5014042863921737,0.0014207131341108098,-0.0014042863921737614,0.0014207131341108098,0.0,0.0,0.0,0.0,2.8919355613287516,0.0,0.0,0.0,0.0,,,,
0.5,0.1,1,M1 intersection,1.0,0.307,0.9464,0.0031855042752282564,0.9764,0.002146981580261274,0.97,0.0024127088993176463,1.0,0.0,2.3712180571646657,0.0016144426418554759,-0.0007284392207432066,0.0014121867018502075,-0.021476786622792787,0.0012417196876794282,0.9996,0.0002828144211304648,0.2406,0.006045629655179475,2.389717145340868,0.019997999499869967,0.42749057257198964,0.0,0.0,,,,
0.5,0.1,1,M2 convex (oracle),1.0,0.307,0.9662,0.0025559379029453633,0.9764,0.002146981580261274,0.9898,0.0014211248781102373,1.0,0.0,2.3747854172130314,0.0013996687915597186,-0.0007538616443304115,0.001413069624576762,0.029495394005414347,0.001069985843719596,1.0,0.0,0.307,0.0,2.3738884364228703,0.0,0.0,0.0,1.0,0.9764,0.002146981580261274,0.9726,0.0023088772559052523
0.5,0.1,1,M3 convex (split),1.0,0.307,0.963,0.0026697613236214613,0.9776,0.00209297016338527,0.985,0.0017191832706909536,1.0,0.0,2.489376006008303,0.0021581811348947463,-0.023904979820194704,0.001919225811848114,0.03564514325382088,0.0015817845758619817,0.9520574,0.0020096591569302006,0.37188060000000006,0.004784871211143456,2.4846847501890155,0.1421043617738985,0.3383414880503826,0.1442,0.6068,,,,
0.5,0.1,1,M4 convex (plug-in),1.0,0.307,0.9444,0.0032409610867384924,0.9764,0.002146981580261274,0.968,0.0024892648087050866,1.0,0.0,2.3538913133011303,0.0014380388621505814,-0.0010876401582939042,0.001421645878839269,-0.005970109447013098,0.0013017521935198813,0.9967162,0.000429366606350016,0.3103052,0.0037070304052539273,2.373667519858942,0.030360803896515128,0.26212663376197676,0.0178,0.7362,,,,
0.5,0.1,1,M5 dataset 1 only,1.0,0.307,0.9742,0.002242292928124045,0.9764,0.002146981580261274,0.9978,0.000662661168294018,1.0,0.0,2.491931522469943,8.686581747771017e-05,-0.0007538616443304115,0.001413069624576762,0.09924613835566967,0.001413069624576762,1.0,0.0,1.0,0.0,2.4920421962195047,0.0,0.0,0.0,0.0,,,,
0.5,0.1,1,M5 dataset 2 only,1.0,0.307,0.9722,0.0023251910249827926,1.0,0.0,0.9722,0.0023251910249827926,1.0,0.0,2.8920086998023327,0.00017365671864031913,-0.5014042863921737,0.0014207131341108098,-0.0014042863921737614,0.0014207131341108098,0.0,0.0,0.0,0.0,2.8919355613287516,0.0,0.0,0.0,0.0,,,,
0.5,0.2,1,M1 intersection,1.0,0.0,0.9484,0.0031288090208860357,0.9764,0.002146981580261274,0.972,0.0023332999930938056,1.0,0.0,2.385919671141826,0.0018733856985811356,-0.0007284392207430199,0.0014121867018502075,-0.006805250238982232,0.0013386546063247039,0.9996,0.0002828144211304648,0.0768,0.003766057439515169,2.3898545555118718,0.019997999499869967,0.2663004753819222,0.0,0.0,,,,
0.5,0.2,1,M2 convex (oracle),1.0,0.0,0.9486,0.0031230687971516655,0.9764,0.002146981580261274,0.9722,0.0023251910249827926,1.0,0.0,2.3913196863882944,0.0020199187366132625,-0.0007538616443302245,0.0014130696245767621,-0.0014042863921737614,0.0014207131341108098,1.0,0.0,0.0,0.0,2.3898545555118718,0.0,0.0,0.0,0.0,0.9764,0.002146981580261274,0.9722,0.0023251910249827926
0.5,0.2,1,M3 convex (split),1.0,0.0,0.963,0.0026697613236214613,0.9776,0.00209297016338527,0.985,0.001719183270690954,1.0,0.0,2.508936518036185,0.0024587760972608944,-0.02390497982019453,0.0019192258118481144,0.04936040507228283,0.0017808734848575385,0.9520574,0.0020096591569302006,0.2547028,0.00429555939785962,2.506039986382693,0.1421043617738985,0.30374191792161404,0.1442,0.5118,,,,
0.5,0.2,1,M4 convex (plug-in),1.0,0.0,0.9484,0.0031288090208860357,0.9764,0.002146981580261274,0.972,0.0023332999930938056,1.0,0.0,2.3766913345222225,0.0017217994595552948,-0.001087640158293718,0.001421645878839269,0.0036368969249408445,0.0014306082839076807,0.9967162,0.000429366606350016,0.15461,0.002947611206106476,2.3898545555118718,0.030360803896515128,0.20842758721393473,0.0178,0.4804,,,,
0.5,0.2,1,M5 dataset 1 only,1.0,0.0,0.9762,0.0021558389383962945,0.9764,0.002146981580261274,0.9998,0.00019999999999999998,1.0,0.0,2.591931522469943,8.686581747771015e-05,-0.0007538616443302245,0.0014130696245767621,0.19924613835566996,0.001413069624576762,1.0,0.0,1.0,0.0,2.5920421962195053,0.0,0.0,0.0,0.0,,,,
0.5,0.2,1,M5 dataset 2 only,1.0,0.0,0.9722,0.0023251910249827926,1.0,0.0,0.9722,0.0023251910249827926,1.0,0.0,2.8920086998023327,0.00017365671864031913,-0.5014042863921737,0.0014207131341108098,-0.0014042863921737614,0.0014207131341108098,0.0,0.0,0.0,0.0,2.8919355613287516,0.0,0.0,0.0,0.0,,,,
0.5,0.5,1,M1 intersection,1.0,0.0,0.9486,0.0031230687971516655,0.9764,0.002146981580261274,0.9722,0.0023251910249827926,1.0,0.0,2.3912688415411196,0.0020173136094982225,-0.0007284392207429839,0.0014121867018502075,-0.0014297088157609657,0.0014197985478905317,0.9996,0.0002828144211304648,0.0004,0.0002828144211304648,2.3898545555118718,0.019997999499869967,0.019997999499869967,0.0,0.0,,,,
0.5,0.5,1,M2 convex (oracle),1.0,0.0,0.9486,0.0031230687971516655,0.9764,0.002146981580261274,0.9722,0.0023251910249827926,1.0,0.0,2.3913196863882944,0.0020199187366132625,-0.0007538616443301885,0.001413069624576762,-0.0014042863921737614,0.0014207131341108098,1.0,0.0,0.0,0.0,2.3898545555118718,0.0,0.0,0.0,0.0,0.9764,0.002146981580261274,0.9722,0.0023251910249827926
0.5,0.5,1,M3 convex (split),1.0,0.0,0.955,0.0029320162591412713,0.9776,0.00209297016338527,0.9768,0.002129145051829571,1.0,0.0,2.5011169653131526,0.0027717727275786007,-0.02390497982019449,0.0019192258118481149,0.02205959553605064,0.0019416364703169903,0.9520574,0.0020096591569302006,0.047026599999999995,0.00197924814592123,2.4920417273766238,0.1421043617738985,0.1399539785631803,0.1442,0.1424,,,,
0.5,0.5,1,M4 convex (plug-in),1.0,0.0,0.9486,0.0031230687971516655,0.9764,0.002146981580261274,0.9722,0.0023251910249827926,1.0,0.0,2.3909658444724924,0.0020054983922432835,-0.0010876401582936822,0.001421645878839269,-0.0010646087863805044,0.0014304186844743495,0.9967162,0.000429366606350016,0.0033292,0.0004340470076304715,2.3898545555118718,0.030360803896515128,0.030691758244923557,0.0178,0.0182,,,,
0.5,0.5,1,M5 dataset 1 only,1.0,0.0,0.9764,0.002146981580261274,0.9764,0.002146981580261274,1.0,0.0,1.0,0.0,2.8919315224699433,8.686581747771016e-05,-0.0007538616443301885,0.001413069624576762,0.4992461383556698,0.001413069624576762,1.0,0.0,1.0,0.0,2.892042196219505,0.0,0.0,0.0,0.0,,,,
0.5,0.5,1,M5 dataset 2 only,1.0,0.0,0.9722,0.0023251910249827926,1.0,0.0,0.9722,0.0023251910249827926,1.0,0.0,2.8920086998023327,0.00017365671864031913,-0.5014042863921737,0.0014207131341108098,-0.0014042863921737614,0.0014207131341108098,0.0,0.0,0.0,0.0,2.8919355613287516,0.0,0.0,0.0,0.0,,,,
0.5,1.0,1,M1 intersection,1.0,0.0,0.9486,0.0031230687971516655,0.9764,0.002146981580261274,0.9722,0.0023251910249827926,1.0,0.0,2.391298320921613,0.0020186762613133625,-0.000728439220742983,0.0014121867018502075,-0.0014042863921737614,0.0014207131341108098,0.9996,0.0002828144211304648,0.0,0.0,2.3898545555118718,0.019997999499869967,0.0,0.0,0.0,,,,
0.5,1.0,1,M2 convex (oracle),1.0,0.0,0.9486,0.0031230687971516655,0.9764,0.002146981580261274,0.9722,0.0023251910249827926,1.0,0.0,2.3913196863882944,0.0020199187366132625,-0.0007538616443301876,0.0014130696245767621,-0.0014042863921737614,0.0014207131341108098,1.0,0.0,0.0,0.0,2.3898545555118718,0.0,0.0,0.0,0.0,0.9764,0.002146981580261274,0.9722,0.0023251910249827926
0.5,1.0,1,M3 convex (split),1.0,0.0,0.951,0.0030531400775048907,0.9776,0.00209297016338527,0.9728,0.0023006717754003128,1.0,0.0,2.48440070367424,0.00246284067820639,-0.023904979820194492,0.0019192258118481144,-0.001297877531612708,0.0017101823450646376,0.9520574,0.0020096591569302006,0.000241,0.00011014812899938163,2.4833937905582086,0.1421043617738985,0.007788648895047335,0.1442,0.0012,,,,
0.5,1.0,1,M4 convex (plug-in),1.0,0.0,0.9486,0.0031230687971516655,0.9764,0.002146981580261274,0.9722,0.0023251910249827926,1.0,0.0,2.39114501404754,0.002012468327003804,-0.0010876401582936813,0.001421645878839269,-0.0014042863921737614,0.0014207131341108098,0.9967162,0.000429366606350016,0.0,0.0,2.3898545555118718,0.030360803896515128,0.0,0.0178,0.0,,,,
0.5,1.0,1,M5 dataset 1 only,1.0,0.0,0.9764,0.002146981580261274,0.9764,0.002146981580261274,1.0,0.0,1.0,0.0,3.391931522469943,8.68658174777103e-05,-0.0007538616443301876,0.0014130696245767621,0.99924613835567,0.0014130696245767621,1.0,0.0,1.0,0.0,3.3920421962195046,0.0,0.0,0.0,0.0,,,,
0.5,1.0,1,M5 dataset 2 only,1.0,0.0,0.9722,0.0023251910249827926,1.0,0.0,0.9722,0.0023251910249827926,1.0,0.0,2.8920086998023327,0.00017365671864031913,-0.5014042863921737,0.0014207131341108098,-0.0014042863921737614,0.0014207131341108098,0.0,0.0,0.0,0.0,2.8919355613287516,0.0,0.0,0.0,0.0,,,,
1.0,0.0,1,M1 intersection,1.0,0.5,0.9222,0.003788443276662869,0.9764,0.002146981580261274,0.9458,0.0032022683998348595,1.0,0.0,2.3350588835599266,0.001187384204789941,-0.0007538616443301903,0.0014130696245767621,-0.057599270929326325,0.001176904169023659,1.0,0.0,0.4966,0.007071611523401691,2.3821541937839066,0.0,0.5000384462114268,0.0,0.0,,,,
1.0,0.0,1,M2 convex (oracle),1.0,0.5,0.9486,0.0031230687971516655,0.9764,0.002146981580261274,0.9722,0.002325191024982793,1.0,0.0,2.3342440318487516,0.0010100756703379358,-0.0007538616443301903,0.0014130696245767621,-0.001079074018251974,0.0009944390735985287,1.0,0.0,0.5,0.0,2.3338841304587428,0.0,0.0,0.0,1.0,0.9764,0.002146981580261274,0.9722,0.002325191024982793
1.0,0.0,1,M3 convex (split),1.0,0.5,0.9458,0.0032022683998348595,0.9736,0.0022675176575421532,0.972,0.0023332999930938056,1.0,0.0,2.433084546777187,0.0015307083585584416,-5.320372739876973e-05,0.0016961256717981789,-0.001505924775647532,0.0014806929775905515,0.999777,0.00011203662187395773,0.5004719999999999,0.004968940739998368,2.446974166649003,0.00792218550683086,0.35135716925669475,0.0014,0.6472,,,,
1.0,0.0,1,M4 convex (plug-in),1.0,0.5,0.9122,0.0040026786390188075,0.9764,0.002146981580261274,0.9358,0.003466709623709927,1.0,0.0,2.31375876802575,0.0010919929986915587,-0.0007538616443301903,0.0014130696245767621,-0.040343823824766915,0.0012176002351464738,1.0,0.0,0.49847660000000005,0.003970427194762521,2.3336540809401694,0.0,0.28075159936240596,0.0,0.8336,,,,
1.0,0.0,1,M5 dataset 1 only,1.0,0.5,0.949,0.0031115488662833905,0.9764,0.002146981580261274,0.9726,0.002308877255905252,1.0,0.0,2.391931522469943,8.68658174777102e-05,-0.0007538616443301903,0.0014130696245767621,-0.0007538616443301884,0.001413069624576762,1.0,0.0,1.0,0.0,2.392042196219505,0.0,0.0,0.0,0.0,,,,
1.0,0.0,1,M5 dataset 2 only,1.0,0.5,0.9722,0.0023251910249827926,1.0,0.0,0.9722,0.0023251910249827926,1.0,0.0,3.3920086998023327,0.0001736567186403191,-1.0014042863921737,0.0014207131341108098,-0.0014042863921737586,0.0014207131341108098,0.0,0.0,0.0,0.0,3.3919355613287516,0.0,0.0,0.0,0.0,,,,
1.0,0.05,1,M1 intersection,1.0,0.40800000000000003,0.9402,0.003353660896435663,0.9764,0.002146981580261274,0.9638,0.0026418379703479766,1.0,0.0,2.356430832209975,0.0014166352412796832,-0.0007538616443301572,0.0014130696245767621,-0.03627195873009098,0.0011977519773029677,1.0,0.0,0.3602,0.006789728424791118,2.3898545555118718,0.0,0.4801063011584855,0.0,0.0,,,,
1.0,0.05,1,M2 convex (oracle),1.0,0.40800000000000003,0.9632,0.002662812444394611,0.9764,0.002146981580261274,0.9868,0.0016142097554614535,1.0,0.0,2.3569131695576195,0.0011956863071041677,-0.0007538616443301572,0.0014130696245767621,0.01926108690494636,0.0010126156490647736,1.0,0.0,0.408,7.85124745742478e-19,2.356576176906427,0.0,5.551670317918702e-17,0.0,1.0,0.9764,0.002146981580261274,0.9728,0.0023006717754003128
1.0,0.05,1,M3 convex (split),1.0,0.40800000000000003,0.9552,0.00292579973012716,0.9736,0.0022675176575421532,0.9814,0.001910899868559714,1.0,0.0,2.455378845168493,0.0016674459521160872,-5.320372739873909e-05,0.0016961256717981789,0.020339029449488327,0.0015108861444640951,0.999777,0.00011203662187395773,0.4348717999999999,0.004918440322296571,2.467705263950562,0.00792218550683086,0.34778625047572537,0.0014,0.6318,,,,
1.0,0.05,1,M4 convex (plug-in),1.0,0.40800000000000003,0.934,0.003511590274113802,0.9764,0.002146981580261274,0.9576,0.002849924984009736,1.0,0.0,2.336268453191022,0.0012707711937643927,-0.0007538616443301572,0.0014130696245767621,-0.019439271739820033,0.001242445760535339,1.0,0.0,0.402344,0.0039070135095380385,2.356410563327992,0.0,0.2762675746781799,0.0,0.8048,,,,
1.0,0.05,1,M5 dataset 1 only,1.0,0.40800000000000003,0.9678,0.0024967736733142536,0.9764,0.002146981580261274,0.9914,0.0013059667338113804,1.0,0.0,2.4419315224699427,8.686581747771027e-05,-0.0007538616443301572,0.0014130696245767621,0.04924613835566967,0.0014130696245767621,1.0,0.0,1.0,0.0,2.442042196219505,0.0,0.0,0.0,0.0,,,,
1.0,0.05,1,M5 dataset 2 only,1.0,0.40800000000000003,0.9722,0.0023251910249827926,1.0,0.0,0.9722,0.0023251910249827926,1.0,0.0,3.3920086998023327,0.0001736567186403191,-1.0014042863921737,0.0014207131341108098,-0.0014042863921737586,0.0014207131341108098,0.0,0.0,0.0,0.0,3.3919355613287516,0.0,0.0,0.0,0.0,,,,
1.0,0.1,1,M1 intersection,1.0,0.307,0.9464,0.0031855042752282564,0.9764,0.002146981580261274,0.97,0.0024127088993176463,1.0,0.0,2.3712394226313465,0.001614622387368135,-0.0007538616443304115,0.001413069624576762,-0.021476786622792784,0.0012417196876794282,1.0,0.0,0.2406,0.006045629655179475,2.3898545555118718,0.0,0.42749057257198964,0.0,0.0,,,,
1.0,0.1,1,M2 convex (oracle),1.0,0.307,0.9662,0.0025559379029453633,0.9764,0.002146981580261274,0.9898,0.0014211248781102373,1.0,0.0,2.3747854172130314,0.0013996687915597186,-0.0007538616443304115,0.001413069624576762,0.029495394005414347,0.001069985843719596,1.0,0.0,0.307,0.0,2.3738884364228703,0.0,0.0,0.0,1.0,0.9764,0.002146981580261274,0.9726,0.0023088772559052523
1.0,0.1,1,M3 convex (split),1.0,0.307,0.959,0.002804527246188727,0.9736,0.0022675176575421532,0.985,0.0017191832706909536,1.0,0.0,2.4722292444475102,0.0018057508296369185,-5.32037273989924e-05,0.0016961256717981789,0.03564514325382088,0.001581784575861982,0.999777,0.00011203662187395773,0.37188060000000006,0.004784871211143456,2.48381180938998,0.00792218550683086,0.3383414880503826,0.0014,0.6068,,,,
1.0,0.1,1,M4 convex (plug-in),1.0,0.307,0.9444,0.0032409610867384924,0.9764,0.002146981580261274,0.968,0.0024892648087050866,1.0,0.0,2.3540659856418844,0.0014408994889466228,-0.0007538616443304115,0.001413069624576762,-0.005970109447013098,0.001301752193519881,1.0,0.0,0.3103052,0.0037070304052539273,2.373727764025128,0.0,0.26212663376197676,0.0,0.7362,,,,
1.0,0.1,1,M5 dataset 1 only,1.0,0.307,0.9742,0.002242292928124045,0.9764,0.002146981580261274,0.9978,0.000662661168294018,1.0,0.0,2.491931522469943,8.686581747771017e-05,-0.0007538616443304115,0.001413069624576762,0.09924613835566967,0.001413069624576762,1.0,0.0,1.0,0.0,2.4920421962195047,0.0,0.0,0.0,0.0,,,,
1.0,0.1,1,M5 dataset 2 only,1.0,0.307,0.9722,0.0023251910249827926,1.0,0.0,0.9722,0.0023251910249827926,1.0,0.0,3.3920086998023327,0.0001736567186403191,-1.0014042863921737,0.0014207131341108098,-0.0014042863921737586,0.0014207131341108098,0.0,0.0,0.0,0.0,3.3919355613287516,0.0,0.0,0.0,0.0,,,,
1.0,0.2,1,M1 intersection,1.0,0.0,0.9484,0.0031288090208860357,0.9764,0.002146981580261274,0.972,0.0023332999930938056,1.0,0.0,2.3859410366085068,0.001873735175352047,-0.0007538616443302245,0.0014130696245767621,-0.0068052502389822295,0.0013386546063247039,1.0,0.0,0.0768,0.003766057439515169,2.3898545555118718,0.0,0.2663004753819222,0.0,0.0,,,,
1.0,0.2,1,M2 convex (oracle),1.0,0.0,0.9486,0.0031230687971516655,0.9764,0.002146981580261274,0.9722,0.0023251910249827926,1.0,0.0,2.3913196863882944,0.0020199187366132625,-0.0007538616443302245,0.0014130696245767621,-0.0014042863921737586,0.0014207131341108098,1.0,0.0,0.0,0.0,2.3898545555118718,0.0,0.0,0.0,0.0,0.9764,0.002146981580261274,0.9722,0.0023251910249827926
1.0,0.2,1,M3 convex (split),1.0,0.0,0.959,0.002804527246188727,0.9736,0.0022675176575421532,0.985,0.001719183270690954,1.0,0.0,2.491789756475392,0.002081102409699352,-5.3203727398809784e-05,0.0016961256717981789,0.04936040507228282,0.001780873484857539,0.999777,0.00011203662187395773,0.2547028,0.00429555939785962,2.50101596844096,0.00792218550683086,0.30374191792161404,0.0014,0.5118,,,,
1.0,0.2,1,M4 convex (plug-in),1.0,0.0,0.9484,0.0031288090208860357,0.9764,0.002146981580261274,0.972,0.0023332999930938056,1.0,0.0,2.3768660068629766,0.00172573734905343,-0.0007538616443302245,0.0014130696245767621,0.003636896924940845,0.0014306082839076807,1.0,0.0,0.15461,0.002947611206106476,2.3898545555118718,0.0,0.20842758721393473,0.0,0.4804,,,,
1.0,0.2,1,M5 dataset 1 only,1.0,0.0,0.9762,0.0021558389383962945,0.9764,0.002146981580261274,0.9998,0.00019999999999999998,1.0,0.0,2.591931522469943,8.686581747771015e-05,-0.0007538616443302245,0.0014130696245767621,0.19924613835566996,0.001413069624576762,1.0,0.0,1.0,0.0,2.5920421962195053,0.0,0.0,0.0,0.0,,,,
1.0,0.2,1,M5 dataset 2 only,1.0,0.0,0.9722,0.0023251910249827926,1.0,0.0,0.9722,0.0023251910249827926,1.0,0.0,3.3920086998023327,0.0001736567186403191,-1.0014042863921737,0.0014207131341108098,-0.0014042863921737586,0.0014207131341108098,0.0,0.0,0.0,0.0,3.3919355613287516,0.0,0.0,0.0,0.0,,,,
1.0,0.5,1,M1 intersection,1.0,0.0,0.9486,0.0031230687971516655,0.9764,0.002146981580261274,0.9722,0.0023251910249827926,1.0,0.0,2.3912902070078004,0.002018262216732961,-0.0007538616443301885,0.001413069624576762,-0.0014297088157609631,0.0014197985478905314,1.0,0.0,0.0004,0.0002828144211304648,2.3898545555118718,0.0,0.019997999499869967,0.0,0.0,,,,
1.0,0.5,1,M2 convex (oracle),1.0,0.0,0.9486,0.0031230687971516655,0.9764,0.002146981580261274,0.9722,0.0023251910249827926,1.0,0.0,2.3913196863882944,0.0020199187366132625,-0.0007538616443301885,0.001413069624576762,-0.0014042863921737586,0.0014207131341108098,1.0,0.0,0.0,0.0,2.3898545555118718,0.0,0.0,0.0,0.0,0.9764,0.002146981580261274,0.9722,0.0023251910249827926
1.0,0.5,1,M3 convex (split),1.0,0.0,0.951,0.0030531400775048907,0.9736,0.0022675176575421532,0.9768,0.002129145051829571,1.0,0.0,2.48397020375236,0.0024587354690765667,-5.3203727398769106e-05,0.0016961256717981789,0.022059595536050636,0.0019416364703169903,0.999777,0.00011203662187395773,0.047026599999999995,0.00197924814592123,2.4838516671648043,0.00792218550683086,0.1399539785631803,0.0014,0.1424,,,,
1.0,0.5,1,M4 convex (plug-in),1.0,0.0,0.9486,0.0031230687971516655,0.9764,0.002146981580261274,0.9722,0.0023251910249827926,1.0,0.0,2.3911405168132465,0.002012242580555612,-0.0007538616443301885,0.001413069624576762,-0.0010646087863805023,0.0014304186844743495,1.0,0.0,0.0033292,0.0004340470076304715,2.3898545555118718,0.0,0.030691758244923557,0.0,0.0182,,,,
1.0,0.5,1,M5 dataset 1 only,1.0,0.0,0.9764,0.002146981580261274,0.9764,0.002146981580261274,1.0,0.0,1.0,0.0,2.8919315224699433,8.686581747771016e-05,-0.0007538616443301885,0.001413069624576762,0.4992461383556698,0.001413069624576762,1.0,0.0,1.0,0.0,2.892042196219505,0.0,0.0,0.0,0.0,,,,
1.0,0.5,1,M5 dataset 2 only,1.0,0.0,0.9722,0.0023251910249827926,1.0,0.0,0.9722,0.0023251910249827926,1.0,0.0,3.3920086998023327,0.0001736567186403191,-1.0014042863921737,0.0014207131341108098,-0.0014042863921737586,0.0014207131341108098,0.0,0.0,0.0,0.0,3.3919355613287516,0.0,0.0,0.0,0.0,,,,
1.0,1.0,1,M1 intersection,1.0,0.0,0.9486,0.0031230687971516655,0.9764,0.002146981580261274,0.9722,0.0023251910249827926,1.0,0.0,2.3913196863882944,0.0020199187366132625,-0.0007538616443301876,0.0014130696245767621,-0.0014042863921737586,0.0014207131341108098,1.0,0.0,0.0,0.0,2.3898545555118718,0.0,0.0,0.0,0.0,,,,
1.0,1.0,1,M2 convex (oracle),1.0,0.0,0.9486,0.0031230687971516655,0.9764,0.002146981580261274,0.9722,0.0023251910249827926,1.0,0.0,2.3913196863882944,0.0020199187366132625,-0.0007538616443301876,0.0014130696245767621,-0.0014042863921737586,0.0014207131341108098,1.0,0.0,0.0,0.0,2.3898545555118718,0.0,0.0,0.0,0.0,0.9764,0.002146981580261274,0.9722,0.0023251910249827926
1.0,1.0,1,M3 convex (split),1.0,0.0,0.9472,0.00316297848341991,0.9736,0.0022675176575421532,0.9728,0.0023006717754003128,1.0,0.0,2.4672539421134476,0.0024266452157511546,-5.320372739876955e-05,0.0016961256717981789,-0.0012978775316127096,0.0017101823450646376,0.999777,0.00011203662187395773,0.000241,0.00011014812899938163,2.4659660963482977,0.00792218550683086,0.007788648895047335,0.0014,0.0012,,,,
1.0,1.0,1,M4 convex (plug-in),1.0,0.0,0.9486,0.0031230687971516655,0.9764,0.002146981580261274,0.9722,0.0023251910249827926,1.0,0.0,2.3913196863882944,0.0020199187366132625,-0.0007538616443301876,0.0014130696245767621,-0.0014042863921737586,0.0014207131341108098,1.0,0.0,0.0,0.0,2.3898545555118718,0.0,0.0,0.0,0.0,,,,
1.0,1.0,1,M5 dataset 1 only,1.0,0.0,0.9764,0.002146981580261274,0.9764,0.002146981580261274,1.0,0.0,1.0,0.0,3.391931522469943,8.68658174777103e-05,-0.0007538616443301876,0.0014130696245767621,0.99924613835567,0.0014130696245767621,1.0,0.0,1.0,0.0,3.3920421962195046,0.0,0.0,0.0,0.0,,,,
1.0,1.0,1,M5 dataset 2 only,1.0,0.0,0.9722,0.0023251910249827926,1.0,0.0,0.9722,0.0023251910249827926,1.0,0.0,3.3920086998023327,0.0001736567186403191,-1.0014042863921737,0.0014207131341108098,-0.0014042863921737586,0.0014207131341108098,0.0,0.0,0.0,0.0,3.3919355613287516,0.0,0.0,0.0,0.0,,,,
0.0,0.0,2,M1 intersection,0.8,0.8,0.9046,0.004154903205145558,0.9546,0.002944401789902335,0.949,0.0031115488662833905,1.0,0.0,2.408988868954299,0.0019553727607861493,0.0877115788271634,0.0018384009939456819,-0.09127401325584113,0.0018673371396184953,0.501,0.007071760881166166,0.499,0.007071760881166166,2.4393675923060276,0.5000490074002351,0.5000490074002351,0.0,0.0,,,,
0.0,0.0,2,M2 convex (oracle),0.8,0.8,0.9488,0.0031173154365745884,0.9752,0.0021995362220064447,0.9736,0.002267517657542153,1.0,0.0,2.3506022054765943,6.970684346849812e-05,-0.001164803872333658,0.0012577044668546941,-0.0011648038723336542,0.0012577044668546946,0.7999999999999999,1.570249491484956e-18,0.7999999999999999,1.570249491484956e-18,2.3506135102762564,1.1103340635837404e-16,1.1103340635837404e-16,1.0,1.0,0.9752,0.0021995362220064447,0.9736,0.002267517657542153
0.0,0.0,2,M3 convex (split),0.8,0.8,0.9462,0.0031911046096494457,0.9724,0.0023170502248222565,0.9734,0.0022758567408299136,1.0,0.0,2.5265862189518424,0.002844596604415932,-9.473900937224791e-05,0.002016393868261365,-0.0020736038774911186,0.0020332040061842383,0.6986332000000001,0.00468437165894422,0.6988137999999999,0.0046917788506779315,2.4621932131120534,0.33123509656375355,0.33175886411419914,0.5988,0.6058,,,,
0.0,0.0,2,M4 convex (plug-in),0.8,0.8,0.8744,0.00468714431870546,0.9376,0.003421050820689974,0.9358,0.003466709623709927,1.0,0.0,2.300073245011345,0.0010645690041530631,0.04898968486709909,0.0017303163010125577,-0.05245284579217228,0.0017541873344151238,0.7551504,0.0034320916256057776,0.7506476000000001,0.003488985045278531,2.3293600707278763,0.2426855262119407,0.2467084984974903,0.767,0.7678,,,,
0.0,0.0,2,M5 dataset 1 only,0.8,0.8,0.949,0.0031115488662833905,0.9764,0.002146981580261274,0.9726,0.002308877255905252,1.0,0.0,2.391931522469943,8.68658174777102e-05,-0.0007538616443301903,0.0014130696245767621,-0.0007538616443301884,0.001413069624576762,1.0,0.0,1.0,0.0,2.392042196219505,0.0,0.0,0.0,0.0,,,,
0.0,0.0,2,M5 dataset 2 only,0.8,0.8,0.946,0.0031966926296961603,0.9738,0.002259144250938684,0.9722,0.0023251910249827926,1.0,0.0,2.7840173996046644,0.0003473134372806381,-0.002808572784347525,0.0028414262682216196,-0.0028085727843475245,0.0028414262682216196,0.0,0.0,0.0,0.0,2.7838711226575024,0.0,0.0,0.0,0.0,,,,
0.0,0.05,2,M1 intersection,0.8,0.754,0.92,0.0038370489427316115,0.9546,0.002944401789902335,0.965,0.0025992982264938457,1.0,0.0,2.44893675545414,0.0023486453777647603,0.08771157882716342,0.0018384009939456819,-0.06865025980510345,0.002015350534485926,0.501,0.007071760881166166,0.4108,0.006958329948423991,2.462143285746136,0.5000490074002351,0.4920282292264044,0.0,0.0,,,,
0.0,0.05,2,M2 convex (oracle),0.8,0.754,0.964,0.0026348033015175035,0.9752,0.0021995362220064447,0.9888,0.0014884068902736923,1.0,0.0,2.3893718044005223,0.00016190196757345917,-0.001164803872333631,0.0012577044668546941,0.03644067941522543,0.0012655782882691887,0.7999999999999999,1.570249491484956e-18,0.754,0.0,2.389367201543633,1.1103340635837404e-16,0.0,1.0,1.0,0.9752,0.0021995362220064447,0.9722,0.002325191024982793
0.0,0.05,2,M3 convex (split),0.8,0.754,0.9564,0.0028881614039487215,0.9724,0.0023170502248222565,0.9836,0.001796344446556432,1.0,0.0,2.5668308991487705,0.0028856435855114573,-9.473900937222624e-05,0.002016393868261365,0.030713363970710623,0.0021124811540917153,0.6986332000000001,0.00468437165894422,0.6604026,0.0048894288874690795,2.5021625078119456,0.33123509656375355,0.3457348322458783,0.5988,0.6136,,,,
0.0,0.05,2,M4 convex (plug-in),0.8,0.754,0.8956,0.0043247969632983635,0.9376,0.003421050820689974,0.9576,0.002849924984009736,1.0,0.0,2.3363151240407714,0.0011376419100100137,0.04898968486709912,0.0017303163010125575,-0.022902240169592414,0.0019253761580376408,0.7551504,0.0034320916256057776,0.6981634,0.003796299930026571,2.368171496415038,0.2426855262119407,0.2684389423939804,0.767,0.804,,,,
0.0,0.05,2,M5 dataset 1 only,0.8,0.754,0.9678,0.0024967736733142536,0.9764,0.002146981580261274,0.9914,0.0013059667338113804,1.0,0.0,2.4419315224699427,8.686581747771027e-05,-0.0007538616443301572,0.0014130696245767621,0.04924613835566967,0.0014130696245767621,1.0,0.0,1.0,0.0,2.442042196219505,0.0,0.0,0.0,0.0,,,,
0.0,0.05,2,M5 dataset 2 only,0.8,0.754,0.946,0.0031966926296961603,0.9738,0.002259144250938684,0.9722,0.0023251910249827926,1.0,0.0,2.7840173996046644,0.0003473134372806381,-0.002808572784347525,0.0028414262682216196,-0.0028085727843475245,0.0028414262682216196,0.0,0.0,0.0,0.0,2.7838711226575024,0.0,0.0,0.0,0.0,,,,
0.0,0.1,2,M1 intersection,0.8,0.706,0.9252,0.0037207204614362567,0.9546,0.002944401789902335,0.9704,0.002397064284377181,1.0,0.0,2.483678399555226,0.002593986887452501,0.0877115788271633,0.001838400993945682,-0.050122164068577356,0.0021675984716478676,0.501,0.007071760881166166,0.3282,0.0066412177463648124,2.484026157696361,0.5000490074002351,0.4696050103791,0.0,0.0,,,,
0.0,0.1,2,M2 convex (oracle),0.8,0.706,0.9714,0.0023574391834999225,0.9752,0.0021995362220064447,0.9962,0.0008702088557872403,1.0,0.0,2.425800931205397,0.00030790188670162913,-0.0011648038723338341,0.0012577044668546941,0.06924205328050462,0.001291663843794834,0.7999999999999999,1.570249491484956e-18,0.7059999999999998,1.570249491484956e-18,2.4258160352275553,1.1103340635837404e-16,1.1103340635837404e-16,1.0,1.0,0.9752,0.0021995362220064447,0.9726,0.002308877255905252
0.0,0.1,2,M3 convex (split),0.8,0.706,0.9614,0.002724608723934449,0.9724,0.0023170502248222565,0.9886,0.0015014855616283349,1.0,0.0,2.6039003733045996,0.0029352527742802187,-9.473900937240245e-05,0.0020163938682613656,0.05949793256372595,0.0022292798495173152,0.6986332000000001,0.00468437165894422,0.6206688,0.0050482891820937915,2.5401969515911844,0.33123509656375355,0.356967951404921,0.5988,0.6176,,,,
0.0,0.1,2,M4 convex (plug-in),0.8,0.706,0.9058,0.004131426598300813,0.9376,0.003421050820689974,0.968,0.0024892648087050866,1.0,0.0,2.3697834474924235,0.001231716587184097,0.048989684867098926,0.001730316301012558,0.00126344941582216,0.0021309768035065128,0.7551504,0.0034320916256057776,0.6396178,0.004082783718152339,2.404844868454265,0.2426855262119407,0.2886964053223545,0.767,0.8156,,,,
0.0,0.1,2,M5 dataset 1 only,0.8,0.706,0.9742,0.002242292928124045,0.9764,0.002146981580261274,0.9978,0.000662661168294018,1.0,0.0,2.491931522469943,8.686581747771017e-05,-0.0007538616443304115,0.001413069624576762,0.09924613835566967,0.001413069624576762,1.0,0.0,1.0,0.0,2.4920421962195047,0.0,0.0,0.0,0.0,,,,
0.0,0.1,2,M5 dataset 2 only,0.8,0.706,0.946,0.0031966926296961603,0.9738,0.002259144250938684,0.9722,0.0023251910249827926,1.0,0.0,2.7840173996046644,0.0003473134372806381,-0.002808572784347525,0.0028414262682216196,-0.0028085727843475245,0.0028414262682216196,0.0,0.0,0.0,0.0,2.7838711226575024,0.0,0.0,0.0,0.0,,,,
0.0,0.2,2,M1 intersection,0.8,0.595,0.9266,0.003688523965193714,0.9546,0.002944401789902335,0.972,0.0023332999930938056,1.0,0.0,2.537193292055751,0.00286115987277576,0.08771157882716338,0.0018384009939456819,-0.025237099878613795,0.0024358388871814803,0.501,0.007071760881166166,0.1826,0.005464194312421253,2.5230541415373047,0.5000490074002351,0.3863768852034033,0.0,0.0,,,,
0.0,0.2,2,M2 convex (oracle),0.8,0.595,0.974,0.0022507361379407683,0.9752,0.0021995362220064447,0.9988,0.0004896528892903606,1.0,0.0,2.490887764672498,0.000659326185359235,-0.0011648038723336865,0.0012577044668546941,0.11741398034396286,0.0014150941670544807,0.7999999999999999,1.570249491484956e-18,0.5949999999999999,1.570249491484956e-18,2.490810825536801,1.1103340635837404e-16,1.1103340635837404e-16,1.0,1.0,0.9752,0.0021995362220064447,0.9728,0.0023006717754003128
0.0,0.2,2,M3 convex (split),0.8,0.595,0.9626,0.0026835961577084465,0.9724,0.0023170502248222565,0.9898,0.0014211248781102373,1.0,0.0,2.668094438772083,0.0030814720713216517,-9.47390093722742e-05,0.002016393868261365,0.10430983928058085,0.0025664843970669518,0.6986332000000001,0.00468437165894422,0.5364598,0.005259952628790816,2.608426011408704,0.33123509656375355,0.37193481725379934,0.5988,0.6118,,,,
0.0,0.2,2,M4 convex (plug-in),0.8,0.595,0.9096,0.004055719143574208,0.9376,0.003421050820689974,0.972,0.0023332999930938056,1.0,0.0,2.427360843738003,0.001472793462998608,0.04898968486709906,0.0017303163010125577,0.032398052317203316,0.0025860734804061783,0.7551504,0.0034320916256057776,0.5100344000000001,0.0045080419265719285,2.472710389668026,0.2426855262119407,0.3187667016152279,0.767,0.7628,,,,
0.0,0.2,2,M5 dataset 1 only,0.8,0.595,0.9762,0.0021558389383962945,0.9764,0.002146981580261274,0.9998,0.00019999999999999998,1.0,0.0,2.591931522469943,8.686581747771015e-05,-0.0007538616443302245,0.0014130696245767621,0.19924613835566996,0.001413069624576762,1.0,0.0,1.0,0.0,2.5920421962195053,0.0,0.0,0.0,0.0,,,,
0.0,0.2,2,M5 dataset 2 only,0.8,0.595,0.946,0.0031966926296961603,0.9738,0.002259144250938684,0.9722,0.0023251910249827926,1.0,0.0,2.7840173996046644,0.0003473134372806381,-0.002808572784347525,0.0028414262682216196,-0.0028085727843475245,0.0028414262682216196,0.0,0.0,0.0,0.0,2.7838711226575024,0.0,0.0,0.0,0.0,,,,
0.0,0.5,2,M1 intersection,0.8,0.0,0.9268,0.0036838928069696394,0.9546,0.002944401789902335,0.9722,0.0023251910249827926,1.0,0.0,2.591124753515571,0.0030042454115786293,0.0877115788271634,0.0018384009939456819,-0.004075988764455665,0.002801326276621212,0.501,0.007071760881166166,0.015,0.0017191832706909536,2.582371419964529,0.5000490074002351,0.12156461488080413,0.0,0.0,,,,
0.0,0.5,2,M2 convex (oracle),0.8,0.0,0.9474,0.0031573155889688424,0.9752,0.0021995362220064447,0.9722,0.0023251910249827926,1.0,0.0,2.5656660336286157,0.0025609623295167064,-0.0011648038723336561,0.0012577044668546941,-0.0028085727843475245,0.0028414262682216196,0.7999999999999999,1.570249491484956e-18,0.0,0.0,2.5669837434184153,1.1103340635837404e-16,0.0,1.0,0.0,0.9752,0.0021995362220064447,0.9722,0.0023251910249827926
0.0,0.5,2,M3 convex (split),0.8,0.0,0.9578,0.002843492410719248,0.9724,0.0023170502248222565,0.985,0.0017191832706909536,1.0,0.0,2.773680502672103,0.0037082804191983887,-9.473900937224701e-05,0.002016393868261365,0.1389082857474727,0.0037535363689118746,0.6986332000000001,0.00468437165894422,0.2840968,0.004891136919983534,2.7657176453456085,0.33123509656375355,0.34585560838322404,0.5988,0.4346,,,,
0.0,0.5,2,M4 convex (plug-in),0.8,0.0,0.9098,0.004051675605850375,0.9376,0.003421050820689974,0.9722,0.0023251910249827926,1.0,0.0,2.5217738452765364,0.0022142685353802377,0.04898968486709909,0.0017303163010125575,0.02535967122324736,0.0032481931393474085,0.7551504,0.0034320916256057776,0.1431006,0.0034404136299458275,2.5601025224632554,0.2426855262119407,0.243273980782132,0.767,0.3148,,,,
0.0,0.5,2,M5 dataset 1 only,0.8,0.0,0.9764,0.002146981580261274,0.9764,0.002146981580261274,1.0,0.0,1.0,0.0,2.8919315224699433,8.686581747771016e-05,-0.0007538616443301885,0.001413069624576762,0.4992461383556698,0.001413069624576762,1.0,0.0,1.0,0.0,2.892042196219505,0.0,0.0,0.0,0.0,,,,
0.0,0.5,2,M5 dataset 2 only,0.8,0.0,0.946,0.0031966926296961603,0.9738,0.002259144250938684,0.9722,0.0023251910249827926,1.0,0.0,2.7840173996046644,0.0003473134372806381,-0.002808572784347525,0.0028414262682216196,-0.0028085727843475245,0.0028414262682216196,0.0,0.0,0.0,0.0,2.7838711226575024,0.0,0.0,0.0,0.0,,,,
0.0,1.0,2,M1 intersection,0.8,0.0,0.9268,0.0036838928069696394,0.9546,0.002944401789902335,0.9722,0.0023251910249827926,1.0,0.0,2.5953438385310044,0.0030159892697523183,0.08771157882716339,0.0018384009939456819,-0.0028085727843475245,0.0028414262682216196,0.501,0.007071760881166166,0.0,0.0,2.607156235608769,0.5000490074002351,0.0,0.0,0.0,,,,
0.0,1.0,2,M2 convex (oracle),0.8,0.0,0.9474,0.0031573155889688424,0.9752,0.0021995362220064447,0.9722,0.0023251910249827926,1.0,0.0,2.5656660336286157,0.002560962329516706,-0.0011648038723336555,0.0012577044668546941,-0.0028085727843475245,0.0028414262682216196,0.7999999999999999,1.570249491484956e-18,0.0,0.0,2.5669837434184153,1.1103340635837404e-16,0.0,1.0,0.0,0.9752,0.0021995362220064447,0.9722,0.0023251910249827926
0.0,1.0,2,M3 convex (split),0.8,0.0,0.9486,0.0031230687971516655,0.9724,0.0023170502248222565,0.9758,0.0021734343246007388,1.0,0.0,2.7580521085045624,0.0038643913049717857,-9.473900937224808e-05,0.002016393868261365,0.04246615619436467,0.00397656826854929,0.6986332000000001,0.00468437165894422,0.0454564,0.0021991277298880284,2.7489564909145523,0.33123509656375355,0.1555018130499203,0.5988,0.0946,,,,
0.0,1.0,2,M4 convex (plug-in),0.8,0.0,0.9098,0.004051675605850375,0.9376,0.003421050820689974,0.9722,0.0023251910249827926,1.0,0.0,2.5404559704332974,0.0024690957474290394,0.04898968486709909,0.0017303163010125575,-0.0024295294249828112,0.0028580251288517797,0.7551504,0.0034320916256057776,0.0013572,0.00034046260380388003,2.566690246593814,0.2426855262119407,0.024074341589015242,0.767,0.004,,,,
0.0,1.0,2,M5 dataset 1 only,0.8,0.0,0.9764,0.002146981580261274,0.9764,0.002146981580261274,1.0,0.0,1.0,0.0,3.391931522469943,8.68658174777103e-05,-0.0007538616443301876,0.0014130696245767621,0.99924613835567,0.0014130696245767621,1.0,0.0,1.0,0.0,3.3920421962195046,0.0,0.0,0.0,0.0,,,,
0.0,1.0,2,M5 dataset 2 only,0.8,0.0,0.946,0.0031966926296961603,0.9738,0.002259144250938684,0.9722,0.0023251910249827926,1.0,0.0,2.7840173996046644,0.0003473134372806381,-0.002808572784347525,0.0028414262682216196,-0.0028085727843475245,0.0028414262682216196,0.0,0.0,0.0,0.0,2.7838711226575024,0.0,0.0,0.0,0.0,,,,
0.05,0.0,2,M1 intersection,0.846,0.8,0.916,0.003923248446845436,0.9664,0.002548628474576136,0.949,0.0031115488662833905,1.0,0.0,2.414288489355934,0.0018279816636071295,0.06508782537642574,0.001703881158213075,-0.09127401325584113,0.0018673371396184953,0.5892,0.006958329948423992,0.499,0.007071760881166166,2.4293844378942495,0.49202822922640443,0.5000490074002351,0.0,0.0,,,,
0.05,0.0,2,M2 convex (oracle),0.846,0.8,0.9538,0.0029689855127627346,0.9802,0.0019703726738093835,0.9736,0.002267517657542153,1.0,0.0,2.3593540843643597,0.0001616215443150887,-0.00877028715989284,0.0012669155255717142,-0.0011648038723336604,0.0012577044668546946,0.846,0.0,0.7999999999999999,1.570249491484956e-18,2.359441685807453,0.0,1.1103340635837404e-16,1.0,1.0,0.976,0.0021646563578151348,0.9736,0.002267517657542153
0.05,0.0,2,M3 convex (split),0.846,0.8,0.9512,0.0030472231808357526,0.9774,0.0021020779591511985,0.9734,0.0022758567408299136,1.0,0.0,2.5338444945552583,0.0028206278512523356,-0.013490814036270973,0.0019736613943509545,-0.002073603877491127,0.0020332040061842383,0.7340096,0.004480965935232106,0.6988137999999999,0.0046917788506779315,2.4701350572770497,0.31685213990685424,0.33175886411419914,0.579,0.6058,,,,
0.05,0.0,2,M4 convex (plug-in),0.846,0.8,0.8928,0.004375552661346729,0.9564,0.0028881614039487215,0.9358,0.003466709623709927,1.0,0.0,2.311131153546776,0.0010175820739392126,0.033562724766462125,0.0015993491629344573,-0.05245284579217228,0.0017541873344151238,0.8015866,0.0031032442322577523,0.7506476000000001,0.003488985045278531,2.3380768594984485,0.21943250403074982,0.2467084984974903,0.7156,0.7678,,,,
0.05,0.0,2,M5 dataset 1 only,0.846,0.8,0.949,0.0031115488662833905,0.9764,0.002146981580261274,0.9726,0.002308877255905252,1.0,0.0,2.391931522469943,8.68658174777102e-05,-0.0007538616443301903,0.0014130696245767621,-0.0007538616443301884,0.001413069624576762,1.0,0.0,1.0,0.0,2.392042196219505,0.0,0.0,0.0,0.0,,,,
0.05,0.0,2,M5 dataset 2 only,0.846,0.8,0.9602,0.0027649088491646227,0.988,0.0015400241345079541,0.9722,0.0023251910249827926,1.0,0.0,2.8340173996046647,0.0003473134372806381,-0.052808572784347384,0.0028414262682216196,-0.0028085727843475622,0.0028414262682216196,0.0,0.0,0.0,0.0,2.8338711226575026,0.0,0.0,0.0,0.0,,,,
0.05,0.05,2,M1 intersection,0.846,0.754,0.9316,0.0035702713296713873,0.9664,0.002548628474576136,0.965,0.0025992982264938457,1.0,0.0,2.4542363758557744,0.002005049063196686,0.06508782537642575,0.0017038811582130746,-0.06865025980510348,0.0020153505344859264,0.5892,0.006958329948423992,0.4108,0.006958329948423991,2.4840261576963605,0.49202822922640443,0.4920282292264044,0.0,0.0,,,,
0.05,0.05,2,M2 convex (oracle),0.846,0.754,0.969,0.0024513265389091007,0.9802,0.0019703726738093835,0.9888,0.0014884068902736923,1.0,0.0,2.3981236832882877,0.00030079193929367774,-0.00877028715989281,0.0012669155255717142,0.03644067941522543,0.0012655782882691887,0.846,0.0,0.754,0.0,2.3981425537218457,0.0,0.0,1.0,1.0,0.976,0.0021646563578151348,0.9722,0.002325191024982793
0.05,0.05,2,M3 convex (split),0.846,0.754,0.9614,0.002724608723934449,0.9774,0.0021020779591511985,0.9836,0.001796344446556432,1.0,0.0,2.574089174752187,0.0028683801061245803,-0.013490814036270947,0.0019736613943509545,0.03071336397071061,0.0021124811540917153,0.7340096,0.004480965935232106,0.6604026,0.0048894288874690795,2.5102062621691092,0.31685213990685424,0.3457348322458783,0.579,0.6136,,,,
0.05,0.05,2,M4 convex (plug-in),0.846,0.754,0.9142,0.003961162728547314,0.9564,0.0028881614039487215,0.9576,0.002849924984009736,1.0,0.0,2.3473730325762023,0.0011131363694180376,0.033562724766462146,0.0015993491629344573,-0.022902240169592424,0.0019253761580376408,0.8015866,0.0031032442322577523,0.6981634,0.003796299930026571,2.3778856164039928,0.21943250403074982,0.2684389423939804,0.7156,0.804,,,,
0.05,0.05,2,M5 dataset 1 only,0.846,0.754,0.9678,0.0024967736733142536,0.9764,0.002146981580261274,0.9914,0.0013059667338113804,1.0,0.0,2.4419315224699427,8.686581747771027e-05,-0.0007538616443301572,0.0014130696245767621,0.04924613835566967,0.0014130696245767621,1.0,0.0,1.0,0.0,2.442042196219505,0.0,0.0,0.0,0.0,,,,
0.05,0.05,2,M5 dataset 2 only,0.846,0.754,0.9602,0.0027649088491646227,0.988,0.0015400241345079541,0.9722,0.0023251910249827926,1.0,0.0,2.8340173996046647,0.0003473134372806381,-0.052808572784347384,0.0028414262682216196,-0.0028085727843475622,0.0028414262682216196,0.0,0.0,0.0,0.0,2.8338711226575026,0.0,0.0,0.0,0.0,,,,
0.05,0.1,2,M1 intersection,0.846,0.706,0.937,0.003436358786905475,0.9664,0.002548628474576136,0.9704,0.002397064284377181,1.0,0.0,2.488978019956861,0.002419538125615783,0.0650878253764256,0.0017038811582130752,-0.05012216406857739,0.002167598471647868,0.5892,0.006958329948423992,0.3282,0.0066412177463648124,2.5045536181624355,0.49202822922640443,0.4696050103791,0.0,0.0,,,,
0.05,0.1,2,M2 convex (oracle),0.846,0.706,0.9764,0.002146981580261274,0.9802,0.0019703726738093835,0.9962,0.0008702088557872403,1.0,0.0,2.4345528100931624,0.00045157968267442374,-0.008770287159893028,0.0012669155255717142,0.0692420532805046,0.001291663843794834,0.846,0.0,0.7059999999999998,1.570249491484956e-18,2.4345267612597845,0.0,1.1103340635837404e-16,1.0,1.0,0.976,0.0021646563578151348,0.9726,0.002308877255905252
0.05,0.1,2,M3 convex (split),0.846,0.706,0.9664,0.002548628474576136,0.9774,0.0021020779591511985,0.9886,0.0015014855616283349,1.0,0.0,2.6111586489080154,0.002926198005261747,-0.013490814036271136,0.0019736613943509545,0.05949793256372593,0.0022292798495173152,0.7340096,0.004480965935232106,0.6206688,0.0050482891820937915,2.5481508606299417,0.31685213990685424,0.356967951404921,0.579,0.6176,,,,
0.05,0.1,2,M4 convex (plug-in),0.846,0.706,0.9246,0.003734401846538517,0.9564,0.0028881614039487215,0.968,0.0024892648087050866,1.0,0.0,2.380841356027854,0.0012289015464205394,0.03356272476646194,0.0015993491629344575,0.0012634494158221463,0.002130976803506513,0.8015866,0.0031032442322577523,0.6396178,0.004082783718152339,2.4160109565515215,0.21943250403074982,0.2886964053223545,0.7156,0.8156,,,,
0.05,0.1,2,M5 dataset 1 only,0.846,0.706,0.9742,0.002242292928124045,0.9764,0.002146981580261274,0.9978,0.000662661168294018,1.0,0.0,2.491931522469943,8.686581747771017e-05,-0.0007538616443304115,0.001413069624576762,0.09924613835566967,0.001413069624576762,1.0,0.0,1.0,0.0,2.4920421962195047,0.0,0.0,0.0,0.0,,,,
0.05,0.1,2,M5 dataset 2 only,0.846,0.706,0.9602,0.0027649088491646227,0.988,0.0015400241345079541,0.9722,0.0023251910249827926,1.0,0.0,2.8340173996046647,0.0003473134372806381,-0.052808572784347384,0.0028414262682216196,-0.0028085727843475622,0.0028414262682216196,0.0,0.0,0.0,0.0,2.8338711226575026,0.0,0.0,0.0,0.0,,,,
0.05,0.2,2,M1 intersection,0.846,0.595,0.9384,0.0034005000632459964,0.9664,0.002548628474576136,0.972,0.0023332999930938056,1.0,0.0,2.542492912457386,0.002875530976942039,0.06508782537642571,0.001703881158213075,-0.025237099878613826,0.0024358388871814803,0.5892,0.006958329948423992,0.1826,0.005464194312421253,2.5370672516645567,0.49202822922640443,0.3863768852034033,0.0,0.0,,,,
0.05,0.2,2,M2 convex (oracle),0.846,0.595,0.979,0.0020279601880966256,0.9802,0.0019703726738093835,0.9988,0.0004896528892903606,1.0,0.0,2.4996396435602635,0.000804696363373888,-0.008770287159892868,0.0012669155255717142,0.11741398034396285,0.0014150941670544807,0.846,0.0,0.5949999999999999,1.570249491484956e-18,2.499673611674435,0.0,1.1103340635837404e-16,1.0,1.0,0.976,0.0021646563578151348,0.9728,0.0023006717754003128
0.05,0.2,2,M3 convex (split),0.846,0.595,0.9676,0.0025042568279735385,0.9774,0.0021020779591511985,0.9898,0.0014211248781102373,1.0,0.0,2.675352714375499,0.0030948599115593798,-0.013490814036271002,0.0019736613943509545,0.10430983928058084,0.0025664843970669518,0.7340096,0.004480965935232106,0.5364598,0.005259952628790816,2.617795368379403,0.31685213990685424,0.37193481725379934,0.579,0.6118,,,,
0.05,0.2,2,M4 convex (plug-in),0.846,0.595,0.9284,0.003646552820060872,0.9564,0.0028881614039487215,0.972,0.0023332999930938056,1.0,0.0,2.4384187522734337,0.001508478574085531,0.03356272476646209,0.0015993491629344573,0.032398052317203295,0.0025860734804061783,0.8015866,0.0031032442322577523,0.5100344000000001,0.0045080419265719285,2.483935857934787,0.21943250403074982,0.3187667016152279,0.7156,0.7628,,,,
0.05,0.2,2,M5 dataset 1 only,0.846,0.595,0.9762,0.0021558389383962945,0.9764,0.002146981580261274,0.9998,0.00019999999999999998,1.0,0.0,2.591931522469943,8.686581747771015e-05,-0.0007538616443302245,0.0014130696245767621,0.19924613835566996,0.001413069624576762,1.0,0.0,1.0,0.0,2.5920421962195053,0.0,0.0,0.0,0.0,,,,
0.05,0.2,2,M5 dataset 2 only,0.846,0.595,0.9602,0.0027649088491646227,0.988,0.0015400241345079541,0.9722,0.0023251910249827926,1.0,0.0,2.8340173996046647,0.0003473134372806381,-0.052808572784347384,0.0028414262682216196,-0.0028085727843475622,0.0028414262682216196,0.0,0.0,0.0,0.0,2.8338711226575026,0.0,0.0,0.0,0.0,,,,
0.05,0.5,2,M1 intersection,0.846,0.0,0.9386,0.0033953370470002748,0.9664,0.002548628474576136,0.9722,0.0023251910249827926,1.0,0.0,2.596424373917206,0.0031737089806259016,0.06508782537642574,0.0017038811582130746,-0.004075988764455701,0.002801326276621212,0.5892,0.006958329948423992,0.015,0.0017191832706909536,2.582371419964529,0.49202822922640443,0.12156461488080413,0.0,0.0,,,,
0.05,0.5,2,M2 convex (oracle),0.846,0.0,0.9524,0.0030114218788383786,0.9802,0.0019703726738093835,0.9722,0.0023251910249827926,1.0,0.0,2.5744179125163806,0.002706917398463586,-0.00877028715989284,0.0012669155255717142,-0.0028085727843475622,0.0028414262682216196,0.846,0.0,0.0,0.0,2.57617788474857,0.0,0.0,1.0,0.0,0.976,0.0021646563578151348,0.9722,0.0023251910249827926
0.05,0.5,2,M3 convex (split),0.846,0.0,0.9628,0.0026766891737716944,0.9774,0.0021020779591511985,0.985,0.0017191832706909536,1.0,0.0,2.780938778275519,0.003801086234517427,-0.013490814036270971,0.0019736613943509545,0.1389082857474727,0.0037535363689118737,0.7340096,0.004480965935232106,0.2840968,0.004891136919983534,2.7786238938114707,0.31685213990685424,0.34585560838322404,0.579,0.4346,,,,
0.05,0.5,2,M4 convex (plug-in),0.846,0.0,0.9286,0.0036418485158120485,0.9564,0.0028881614039487215,0.9722,0.0023251910249827926,1.0,0.0,2.532831753811967,0.0023199930610352604,0.033562724766462125,0.001599349162934457,0.025359671223247324,0.0032481931393474085,0.8015866,0.0031032442322577523,0.1431006,0.0034404136299458275,2.5713056862872676,0.21943250403074982,0.243273980782132,0.7156,0.3148,,,,
0.05,0.5,2,M5 dataset 1 only,0.846,0.0,0.9764,0.002146981580261274,0.9764,0.002146981580261274,1.0,0.0,1.0,0.0,2.8919315224699433,8.686581747771016e-05,-0.0007538616443301885,0.001413069624576762,0.4992461383556698,0.001413069624576762,1.0,0.0,1.0,0.0,2.892042196219505,0.0,0.0,0.0,0.0,,,,
0.05,0.5,2,M5 dataset 2 only,0.846,0.0,0.9602,0.0027649088491646227,0.988,0.0015400241345079541,0.9722,0.0023251910249827926,1.0,0.0,2.8340173996046647,0.0003473134372806381,-0.052808572784347384,0.0028414262682216196,-0.0028085727843475622,0.0028414262682216196,0.0,0.0,0.0,0.0,2.8338711226575026,0.0,0.0,0.0,0.0,,,,
0.05,1.0,2,M1 intersection,0.846,0.0,0.9386,0.0033953370470002748,0.9664,0.002548628474576136,0.9722,0.0023251910249827926,1.0,0.0,2.6006434589326393,0.0031966517557076323,0.06508782537642574,0.0017038811582130746,-0.0028085727843475622,0.0028414262682216196,0.5892,0.006958329948423992,0.0,0.0,2.587335524917547,0.49202822922640443,0.0,0.0,0.0,,,,
0.05,1.0,2,M2 convex (oracle),0.846,0.0,0.9524,0.0030114218788383786,0.9802,0.0019703726738093835,0.9722,0.0023251910249827926,1.0,0.0,2.5744179125163806,0.002706917398463586,-0.008770287159892837,0.0012669155255717142,-0.0028085727843475622,0.0028414262682216196,0.846,0.0,0.0,0.0,2.57617788474857,0.0,0.0,1.0,0.0,0.976,0.0021646563578151348,0.9722,0.0023251910249827926
0.05,1.0,2,M3 convex (split),0.846,0.0,0.9536,0.0029750929793280626,0.9774,0.0021020779591511985,0.9758,0.0021734343246007388,1.0,0.0,2.7653103841079782,0.004033185145424766,-0.013490814036270973,0.0019736613943509545,0.04246615619436465,0.00397656826854929,0.7340096,0.004480965935232106,0.0454564,0.0021991277298880284,2.7525775961889094,0.31685213990685424,0.1555018130499203,0.579,0.0946,,,,
0.05,1.0,2,M4 convex (plug-in),0.846,0.0,0.9286,0.0036418485158120485,0.9564,0.0028881614039487215,0.9722,0.0023251910249827926,1.0,0.0,2.551513878968728,0.0026014993951706225,0.033562724766462125,0.0015993491629344573,-0.002429529424982848,0.0028580251288517797,0.8015866,0.0031032442322577523,0.0013572,0.00034046260380388003,2.5760410617081853,0.21943250403074982,0.024074341589015242,0.7156,0.004,,,,
0.05,1.0,2,M5 dataset 1 only,0.846,0.0,0.9764,0.002146981580261274,0.9764,0.002146981580261274,1.0,0.0,1.0,0.0,3.391931522469943,8.68658174777103e-05,-0.0007538616443301876,0.0014130696245767621,0.99924613835567,0.0014130696245767621,1.0,0.0,1.0,0.0,3.3920421962195046,0.0,0.0,0.0,0.0,,,,
0.05,1.0,2,M5 dataset 2 only,0.846,0.0,0.9602,0.0027649088491646227,0.988,0.0015400241345079541,0.9722,0.0023251910249827926,1.0,0.0,2.8340173996046647,0.0003473134372806381,-0.052808572784347384,0.0028414262682216196,-0.0028085727843475622,0.0028414262682216196,0.0,0.0,0.0,0.0,2.8338711226575026,0.0,0.0,0.0,0.0,,,,
0.1,0.0,2,M1 intersection,0.894,0.8,0.9202,0.0038326661563425,0.9708,0.0023813034500508837,0.949,0.0031115488662833905,1.0,0.0,2.4166030367278997,0.0017347801172637697,0.04655972963989957,0.00159516772080593,-0.0912740132558411,0.0018673371396184953,0.6718,0.0066412177463648124,0.499,0.007071760881166166,2.4159124376356944,0.4696050103791,0.5000490074002351,0.0,0.0,,,,
0.1,0.0,2,M2 convex (oracle),0.894,0.8,0.9552,0.00292579973012716,0.9816,0.0019007920986053221,0.9736,0.002267517657542153,1.0,0.0,2.3657672886765835,0.0003071875501336133,-0.011571661025172033,0.0012943399154993647,-0.0011648038723336513,0.0012577044668546946,0.894,0.0,0.7999999999999999,1.570249491484956e-18,2.365813853558744,0.0,1.1103340635837404e-16,1.0,1.0,0.976,0.0021646563578151348,0.9736,0.002267517657542153
0.1,0.0,2,M3 convex (split),0.894,0.8,0.9528,0.0029993718086041366,0.979,0.0020279601880966256,0.9734,0.0022758567408299136,1.0,0.0,2.5384578607477337,0.0027935214521779923,-0.02337443089387183,0.001955730083402183,-0.0020736038774911113,0.0020332040061842383,0.7671992,0.004253736291586453,0.6988137999999999,0.0046917788506779315,2.4768435260116064,0.3007845777160098,0.33175886411419914,0.5534,0.6058,,,,
0.1,0.0,2,M4 convex (plug-in),0.894,0.8,0.901,0.004224141175876434,0.9648,0.002606444073856569,0.9358,0.003466709623709927,1.0,0.0,2.3200191144645634,0.0009881708387101476,0.022134989697161326,0.0015094395308784948,-0.05245284579217228,0.0017541873344151238,0.8420288,0.0027800255147182548,0.7506476000000001,0.003488985045278531,2.345089966123827,0.19657748933289002,0.2467084984974903,0.6478,0.7678,,,,
0.1,0.0,2,M5 dataset 1 only,0.894,0.8,0.949,0.0031115488662833905,0.9764,0.002146981580261274,0.9726,0.002308877255905252,1.0,0.0,2.391931522469943,8.68658174777102e-05,-0.0007538616443301903,0.0014130696245767621,-0.0007538616443301884,0.001413069624576762,1.0,0.0,1.0,0.0,2.392042196219505,0.0,0.0,0.0,0.0,,,,
0.1,0.0,2,M5 dataset 2 only,0.894,0.8,0.9652,0.0025921295930499758,0.993,0.0011791853525290768,0.9722,0.0023251910249827926,1.0,0.0,2.8840173996046645,0.0003473134372806382,-0.1028085727843476,0.0028414262682216196,-0.0028085727843475115,0.0028414262682216196,0.0,0.0,0.0,0.0,2.8838711226575025,0.0,0.0,0.0,0.0,,,,
0.1,0.05,2,M1 intersection,0.894,0.754,0.936,0.003461675409296467,0.9708,0.0023813034500508837,0.965,0.0025992982264938457,1.0,0.0,2.456550923227741,0.0019228819873848939,0.0465597296398996,0.0015951677208059297,-0.06865025980510345,0.002015350534485926,0.6718,0.0066412177463648124,0.4108,0.006958329948423991,2.47314447195201,0.4696050103791,0.4920282292264044,0.0,0.0,,,,
0.1,0.05,2,M2 convex (oracle),0.894,0.754,0.9704,0.002397064284377181,0.9816,0.0019007920986053221,0.9888,0.0014884068902736923,1.0,0.0,2.4045368876005115,0.0004512461007189667,-0.011571661025172002,0.0012943399154993647,0.03644067941522544,0.0012655782882691883,0.894,0.0,0.754,0.0,2.4044714536734277,0.0,0.0,1.0,1.0,0.976,0.0021646563578151348,0.9722,0.002325191024982793
0.1,0.05,2,M3 convex (split),0.894,0.754,0.963,0.0026697613236214613,0.979,0.0020279601880966256,0.9836,0.001796344446556432,1.0,0.0,2.5787025409446613,0.002846491600038154,-0.023374430893871808,0.001955730083402183,0.030713363970710634,0.0021124811540917153,0.7671992,0.004253736291586453,0.6604026,0.0048894288874690795,2.516339269727703,0.3007845777160098,0.3457348322458783,0.5534,0.6136,,,,
0.1,0.05,2,M4 convex (plug-in),0.894,0.754,0.9226,0.0037795112039770693,0.9648,0.002606444073856569,0.9576,0.002849924984009736,1.0,0.0,2.35626099349399,0.0011030155322690768,0.022134989697161357,0.0015094395308784948,-0.02290224016959241,0.0019253761580376408,0.8420288,0.0027800255147182548,0.6981634,0.003796299930026571,2.3859499528604147,0.19657748933289002,0.2684389423939804,0.6478,0.804,,,,
0.1,0.05,2,M5 dataset 1 only,0.894,0.754,0.9678,0.0024967736733142536,0.9764,0.002146981580261274,0.9914,0.0013059667338113804,1.0,0.0,2.4419315224699427,8.686581747771027e-05,-0.0007538616443301572,0.0014130696245767621,0.04924613835566967,0.0014130696245767621,1.0,0.0,1.0,0.0,2.442042196219505,0.0,0.0,0.0,0.0,,,,
0.1,0.05,2,M5 dataset 2 only,0.894,0.754,0.9652,0.0025921295930499758,0.993,0.0011791853525290768,0.9722,0.0023251910249827926,1.0,0.0,2.8840173996046645,0.0003473134372806382,-0.1028085727843476,0.0028414262682216196,-0.0028085727843475115,0.0028414262682216196,0.0,0.0,0.0,0.0,2.8838711226575025,0.0,0.0,0.0,0.0,,,,
0.1,0.1,2,M1 intersection,0.894,0.706,0.9414,0.0033219595245903588,0.9708,0.0023813034500508837,0.9704,0.002397064284377181,1.0,0.0,2.491292567328827,0.002139453981296668,0.04655972963989942,0.0015951677208059301,-0.05012216406857734,0.0021675984716478676,0.6718,0.0066412177463648124,0.3282,0.0066412177463648124,2.5230541415373047,0.4696050103791,0.4696050103791,0.0,0.0,,,,
0.1,0.1,2,M2 convex (oracle),0.894,0.706,0.9778,0.0020838187205445722,0.9816,0.0019007920986053221,0.9962,0.0008702088557872403,1.0,0.0,2.440966014405386,0.0006032565036632096,-0.011571661025172235,0.0012943399154993647,0.06924205328050463,0.001291663843794834,0.894,0.0,0.7059999999999998,1.570249491484956e-18,2.4409748701869676,0.0,1.1103340635837404e-16,1.0,1.0,0.976,0.0021646563578151348,0.9726,0.002308877255905252
0.1,0.1,2,M3 convex (split),0.894,0.706,0.968,0.0024892648087050866,0.979,0.0020279601880966256,0.9886,0.0015014855616283349,1.0,0.0,2.61577201510049,0.0029104289128507486,-0.023374430893872,0.001955730083402183,0.05949793256372595,0.0022292798495173152,0.7671992,0.004253736291586453,0.6206688,0.0050482891820937915,2.555741466437892,0.3007845777160098,0.356967951404921,0.5534,0.6176,,,,
0.1,0.1,2,M4 convex (plug-in),0.894,0.706,0.933,0.003536198656776516,0.9648,0.002606444073856569,0.968,0.0024892648087050866,1.0,0.0,2.3897293169456426,0.001236557572930724,0.02213498969716114,0.001509439530878495,0.0012634494158221643,0.0021309768035065128,0.8420288,0.0027800255147182548,0.6396178,0.004082783718152339,2.42453401104874,0.19657748933289002,0.2886964053223545,0.6478,0.8156,,,,
0.1,0.1,2,M5 dataset 1 only,0.894,0.706,0.9742,0.002242292928124045,0.9764,0.002146981580261274,0.9978,0.000662661168294018,1.0,0.0,2.491931522469943,8.686581747771017e-05,-0.0007538616443304115,0.001413069624576762,0.09924613835566967,0.001413069624576762,1.0,0.0,1.0,0.0,2.4920421962195047,0.0,0.0,0.0,0.0,,,,
0.1,0.1,2,M5 dataset 2 only,0.894,0.706,0.9652,0.0025921295930499758,0.993,0.0011791853525290768,0.9722,0.0023251910249827926,1.0,0.0,2.8840173996046645,0.0003473134372806382,-0.1028085727843476,0.0028414262682216196,-0.0028085727843475115,0.0028414262682216196,0.0,0.0,0.0,0.0,2.8838711226575025,0.0,0.0,0.0,0.0,,,,
0.1,0.2,2,M1 intersection,0.894,0.595,0.9428,0.003284477060037348,0.9708,0.0023813034500508837,0.972,0.0023332999930938056,1.0,0.0,2.544807459829352,0.002830677292806491,0.04655972963989955,0.00159516772080593,-0.02523709987861379,0.00243583888718148,0.6718,0.0066412177463648124,0.1826,0.005464194312421253,2.550319031486433,0.4696050103791,0.3863768852034033,0.0,0.0,,,,
0.1,0.2,2,M2 convex (oracle),0.894,0.595,0.9804,0.0019605960285988214,0.9816,0.0019007920986053221,0.9988,0.0004896528892903606,1.0,0.0,2.5060528478724873,0.0009569971081958058,-0.011571661025172065,0.0012943399154993647,0.11741398034396289,0.0014150941670544807,0.894,0.0,0.5949999999999999,1.570249491484956e-18,2.506150395087979,0.0,1.1103340635837404e-16,1.0,1.0,0.976,0.0021646563578151348,0.9728,0.0023006717754003128
0.1,0.2,2,M3 convex (split),0.894,0.595,0.9692,0.002443658383092582,0.979,0.0020279601880966256,0.9898,0.0014211248781102373,1.0,0.0,2.679966080567974,0.003094521565635176,-0.02337443089387186,0.001955730083402183,0.10430983928058085,0.0025664843970669518,0.7671992,0.004253736291586453,0.5364598,0.005259952628790816,2.6256828528127314,0.3007845777160098,0.37193481725379934,0.5534,0.6118,,,,
0.1,0.2,2,M4 convex (plug-in),0.894,0.595,0.9368,0.003441441660720232,0.9648,0.002606444073856569,0.972,0.0023332999930938056,1.0,0.0,2.447306713191222,0.0015464928284682092,0.022134989697161295,0.001509439530878495,0.03239805231720332,0.0025860734804061783,0.8420288,0.0027800255147182548,0.5100344000000001,0.0045080419265719285,2.493301755134052,0.19657748933289002,0.3187667016152279,0.6478,0.7628,,,,
0.1,0.2,2,M5 dataset 1 only,0.894,0.595,0.9762,0.0021558389383962945,0.9764,0.002146981580261274,0.9998,0.00019999999999999998,1.0,0.0,2.591931522469943,8.686581747771015e-05,-0.0007538616443302245,0.0014130696245767621,0.19924613835566996,0.001413069624576762,1.0,0.0,1.0,0.0,2.5920421962195053,0.0,0.0,0.0,0.0,,,,
0.1,0.2,2,M5 dataset 2 only,0.894,0.595,0.9652,0.0025921295930499758,0.993,0.0011791853525290768,0.9722,0.0023251910249827926,1.0,0.0,2.8840173996046645,0.0003473134372806382,-0.1028085727843476,0.0028414262682216196,-0.0028085727843475115,0.0028414262682216196,0.0,0.0,0.0,0.0,2.8838711226575025,0.0,0.0,0.0,0.0,,,,
0.1,0.5,2,M1 intersection,0.894,0.0,0.943,0.0032790776858888267,0.9708,0.0023813034500508837,0.9722,0.0023251910249827926,1.0,0.0,2.5987389212891716,0.003293233740786088,0.04655972963989958,0.00159516772080593,-0.0040759887644556516,0.002801326276621212,0.6718,0.0066412177463648124,0.015,0.0017191832706909536,2.5855581124736835,0.4696050103791,0.12156461488080413,0.0,0.0,,,,
0.1,0.5,2,M2 convex (oracle),0.894,0.0,0.9538,0.0029689855127627346,0.9816,0.0019007920986053221,0.9722,0.0023251910249827926,1.0,0.0,2.580831116828605,0.0028594417527067055,-0.011571661025172032,0.0012943399154993647,-0.0028085727843475115,0.0028414262682216196,0.894,0.0,0.0,0.0,2.582539414339103,0.0,0.0,1.0,0.0,0.976,0.0021646563578151348,0.9722,0.0023251910249827926
0.1,0.5,2,M3 convex (split),0.894,0.0,0.9644,0.0026206681553214753,0.979,0.0020279601880966256,0.985,0.0017191832706909536,1.0,0.0,2.7855521444679936,0.003870725054379839,-0.023374430893871832,0.001955730083402183,0.1389082857474727,0.0037535363689118746,0.7671992,0.004253736291586453,0.2840968,0.004891136919983534,2.7882075752285562,0.3007845777160098,0.34585560838322404,0.5534,0.4346,,,,
0.1,0.5,2,M4 convex (plug-in),0.894,0.0,0.937,0.003436358786905475,0.9648,0.002606444073856569,0.9722,0.0023251910249827926,1.0,0.0,2.541719714729755,0.0024147029834800005,0.02213498969716133,0.001509439530878495,0.02535967122324737,0.0032481931393474085,0.8420288,0.0027800255147182548,0.1431006,0.0034404136299458275,2.579924449291622,0.19657748933289002,0.243273980782132,0.6478,0.3148,,,,
0.1,0.5,2,M5 dataset 1 only,0.894,0.0,0.9764,0.002146981580261274,0.9764,0.002146981580261274,1.0,0.0,1.0,0.0,2.8919315224699433,8.686581747771016e-05,-0.0007538616443301885,0.001413069624576762,0.4992461383556698,0.001413069624576762,1.0,0.0,1.0,0.0,2.892042196219505,0.0,0.0,0.0,0.0,,,,
0.1,0.5,2,M5 dataset 2 only,0.894,0.0,0.9652,0.0025921295930499758,0.993,0.0011791853525290768,0.9722,0.0023251910249827926,1.0,0.0,2.8840173996046645,0.0003473134372806382,-0.1028085727843476,0.0028414262682216196,-0.0028085727843475115,0.0028414262682216196,0.0,0.0,0.0,0.0,2.8838711226575025,0.0,0.0,0.0,0.0,,,,
0.1,1.0,2,M1 intersection,0.894,0.0,0.943,0.0032790776858888267,0.9708,0.0023813034500508837,0.9722,0.0023251910249827926,1.0,0.0,2.602958006304605,0.0033274665910881687,0.04655972963989958,0.0015951677208059297,-0.0028085727843475115,0.0028414262682216196,0.6718,0.0066412177463648124,0.0,0.0,2.587335524917547,0.4696050103791,0.0,0.0,0.0,,,,
0.1,1.0,2,M2 convex (oracle),0.894,0.0,0.9538,0.0029689855127627346,0.9816,0.0019007920986053221,0.9722,0.0023251910249827926,1.0,0.0,2.580831116828605,0.0028594417527067055,-0.011571661025172032,0.0012943399154993647,-0.0028085727843475115,0.0028414262682216196,0.894,0.0,0.0,0.0,2.582539414339103,0.0,0.0,1.0,0.0,0.976,0.0021646563578151348,0.9722,0.0023251910249827926
0.1,1.0,2,M3 convex (split),0.894,0.0,0.9552,0.00292579973012716,0.979,0.0020279601880966256,0.9758,0.0021734343246007388,1.0,0.0,2.7699237503004532,0.004181758888634256,-0.023374430893871832,0.001955730083402183,0.04246615619436469,0.00397656826854929,0.7671992,0.004253736291586453,0.0454564,0.0021991277298880284,2.753189145680448,0.3007845777160098,0.1555018130499203,0.5534,0.0946,,,,
0.1,1.0,2,M4 convex (plug-in),0.894,0.0,0.937,0.003436358786905475,0.9648,0.002606444073856569,0.9722,0.0023251910249827926,1.0,0.0,2.560401839886516,0.0027191848027851764,0.02213498969716133,0.0015094395308784948,-0.0024295294249827974,0.0028580251288517792,0.8420288,0.0027800255147182548,0.0013572,0.00034046260380388003,2.5822351268953057,0.19657748933289002,0.024074341589015242,0.6478,0.004,,,,
0.1,1.0,2,M5 dataset 1 only,0.894,0.0,0.9764,0.002146981580261274,0.9764,0.002146981580261274,1.0,0.0,1.0,0.0,3.391931522469943,8.68658174777103e-05,-0.0007538616443301876,0.0014130696245767621,0.99924613835567,0.0014130696245767621,1.0,0.0,1.0,0.0,3.3920421962195046,0.0,0.0,0.0,0.0,,,,
0.1,1.0,2,M5 dataset 2 only,0.894,0.0,0.9652,0.0025921295930499758,0.993,0.0011791853525290768,0.9722,0.0023251910249827926,1.0,0.0,2.8840173996046645,0.0003473134372806382,-0.1028085727843476,0.0028414262682216196,-0.0028085727843475115,0.0028414262682216196,0.0,0.0,0.0,0.0,2.8838711226575025,0.0,0.0,0.0,0.0,,,,
0.2,0.0,2,M1 intersection,1.0,0.8,0.9238,0.003752536249746447,0.9746,0.0022252996184061002,0.949,0.0031115488662833905,1.0,0.0,2.412858272607302,0.0015861457833678595,0.021674665449936084,0.0014569913157300187,-0.0912740132558411,0.0018673371396184953,0.8174,0.005464194312421253,0.499,0.007071760881166166,2.3975259713433186,0.3863768852034033,0.5000490074002351,0.0,0.0,,,,
0.2,0.0,2,M2 convex (oracle),1.0,0.8,0.95,0.0030825152684254486,0.9764,0.002146981580261274,0.9736,0.002267517657542153,1.0,0.0,2.370855921745265,0.0006414570153553824,-0.0007538616443301903,0.0014130696245767621,-0.001164803872333648,0.0012577044668546946,1.0,0.0,0.7999999999999999,1.570249491484956e-18,2.370855228884418,0.0,1.1103340635837404e-16,0.0,1.0,0.9764,0.002146981580261274,0.9736,0.002267517657542153
0.2,0.0,2,M3 convex (split),1.0,0.8,0.9556,0.002913318637756093,0.982,0.0018804008034023721,0.9734,0.0022758567408299136,1.0,0.0,2.541619806379985,0.0027494529885401515,-0.03489813252257057,0.0019769937242570443,-0.0020736038774911065,0.0020332040061842383,0.8264512,0.003728640309204293,0.6988137999999999,0.0046917788506779315,2.4844042753578766,0.2636546847243861,0.33175886411419914,0.487,0.6058,,,,
0.2,0.0,2,M4 convex (plug-in),1.0,0.8,0.909,0.004067813838154884,0.973,0.002292433434193901,0.9358,0.003466709623709927,1.0,0.0,2.33240838593141,0.0009667670189956917,0.008011482689421643,0.0014220751219354646,-0.05245284579217228,0.0017541873344151236,0.9066724,0.0021083011555279477,0.7506476000000001,0.003488985045278531,2.3561295769319774,0.1490794043857246,0.2467084984974903,0.4842,0.7678,,,,
0.2,0.0,2,M5 dataset 1 only,1.0,0.8,0.949,0.0031115488662833905,0.9764,0.002146981580261274,0.9726,0.002308877255905252,1.0,0.0,2.391931522469943,8.68658174777102e-05,-0.0007538616443301903,0.0014130696245767621,-0.0007538616443301884,0.001413069624576762,1.0,0.0,1.0,0.0,2.392042196219505,0.0,0.0,0.0,0.0,,,,
0.2,0.0,2,M5 dataset 2 only,1.0,0.8,0.97,0.0024127088993176463,0.9978,0.000662661168294018,0.9722,0.0023251910249827926,1.0,0.0,2.984017399604665,0.0003473134372806381,-0.20280857278434763,0.0028414262682216196,-0.0028085727843474963,0.0028414262682216196,0.0,0.0,0.0,0.0,2.983871122657503,0.0,0.0,0.0,0.0,,,,
0.2,0.05,2,M1 intersection,1.0,0.754,0.9398,0.003364142608614894,0.9746,0.0022252996184061002,0.965,0.0025992982264938457,1.0,0.0,2.4528061591071424,0.001785724334447137,0.021674665449936112,0.0014569913157300187,-0.06865025980510343,0.002015350534485926,0.8174,0.005464194312421253,0.4108,0.006958329948423991,2.448094393393526,0.3863768852034033,0.4920282292264044,0.0,0.0,,,,
0.2,0.05,2,M2 convex (oracle),1.0,0.754,0.9652,0.0025921295930499758,0.9764,0.002146981580261274,0.9888,0.0014884068902736923,1.0,0.0,2.409625520669193,0.0007874136245811842,-0.0007538616443301572,0.0014130696245767621,0.03644067941522544,0.0012655782882691887,1.0,0.0,0.754,0.0,2.4094277906019457,0.0,0.0,0.0,1.0,0.9764,0.002146981580261274,0.9722,0.002325191024982793
0.2,0.05,2,M3 convex (split),1.0,0.754,0.9658,0.0025704850668104916,0.982,0.0018804008034023721,0.9836,0.001796344446556432,1.0,0.0,2.581864486576914,0.0028094646552501313,-0.03489813252257054,0.0019769937242570448,0.030713363970710634,0.0021124811540917153,0.8264512,0.003728640309204293,0.6604026,0.0048894288874690795,2.5259884035124953,0.2636546847243861,0.3457348322458783,0.487,0.6136,,,,
0.2,0.05,2,M4 convex (plug-in),1.0,0.754,0.9308,0.0035895471817199943,0.973,0.002292433434193901,0.9576,0.002849924984009736,1.0,0.0,2.3686502649608365,0.001109334178746997,0.008011482689421671,0.0014220751219354646,-0.02290224016959241,0.0019253761580376408,0.9066724,0.0021083011555279477,0.6981634,0.003796299930026571,2.396144801549805,0.1490794043857246,0.2684389423939804,0.4842,0.804,,,,
0.2,0.05,2,M5 dataset 1 only,1.0,0.754,0.9678,0.0024967736733142536,0.9764,0.002146981580261274,0.9914,0.0013059667338113804,1.0,0.0,2.4419315224699427,8.686581747771027e-05,-0.0007538616443301572,0.0014130696245767621,0.04924613835566967,0.0014130696245767621,1.0,0.0,1.0,0.0,2.442042196219505,0.0,0.0,0.0,0.0,,,,
0.2,0.05,2,M5 dataset 2 only,1.0,0.754,0.97,0.0024127088993176463,0.9978,0.000662661168294018,0.9722,0.0023251910249827926,1.0,0.0,2.984017399604665,0.0003473134372806381,-0.20280857278434763,0.0028414262682216196,-0.0028085727843474963,0.0028414262682216196,0.0,0.0,0.0,0.0,2.983871122657503,0.0,0.0,0.0,0.0,,,,
0.2,0.1,2,M1 intersection,1.0,0.706,0.9452,0.0032189228466769078,0.9746,0.0022252996184061002,0.9704,0.002397064284377181,1.0,0.0,2.487547803208229,0.002011402359002253,0.021674665449935904,0.0014569913157300187,-0.05012216406857734,0.0021675984716478676,0.8174,0.005464194312421253,0.3282,0.0066412177463648124,2.496737061035878,0.3863768852034033,0.4696050103791,0.0,0.0,,,,
0.2,0.1,2,M2 convex (oracle),1.0,0.706,0.9726,0.002308877255905252,0.9764,0.002146981580261274,0.9962,0.0008702088557872403,1.0,0.0,2.446054647474068,0.0009401704368373582,-0.0007538616443304115,0.001413069624576762,0.06924205328050462,0.001291663843794834,1.0,0.0,0.7059999999999998,1.570249491484956e-18,2.4464001708446403,0.0,1.1103340635837404e-16,0.0,1.0,0.9764,0.002146981580261274,0.9726,0.002308877255905252
0.2,0.1,2,M3 convex (split),1.0,0.706,0.971,0.0023733787277459666,0.982,0.0018804008034023721,0.9886,0.0015014855616283349,1.0,0.0,2.618933960732742,0.002881154779882492,-0.03489813252257075,0.001976993724257044,0.059497932563725965,0.0022292798495173152,0.8264512,0.003728640309204293,0.6206688,0.0050482891820937915,2.5653577284404303,0.2636546847243861,0.356967951404921,0.487,0.6176,,,,
0.2,0.1,2,M4 convex (plug-in),1.0,0.706,0.9412,0.003327270073983933,0.973,0.002292433434193901,0.968,0.0024892648087050866,1.0,0.0,2.4021185884124887,0.0012673425631599938,0.008011482689421444,0.0014220751219354646,0.0012634494158221684,0.0021309768035065128,0.9066724,0.0021083011555279477,0.6396178,0.004082783718152339,2.4346109076834295,0.1490794043857246,0.2886964053223545,0.4842,0.8156,,,,
0.2,0.1,2,M5 dataset 1 only,1.0,0.706,0.9742,0.002242292928124045,0.9764,0.002146981580261274,0.9978,0.000662661168294018,1.0,0.0,2.491931522469943,8.686581747771017e-05,-0.0007538616443304115,0.001413069624576762,0.09924613835566967,0.001413069624576762,1.0,0.0,1.0,0.0,2.4920421962195047,0.0,0.0,0.0,0.0,,,,
0.2,0.1,2,M5 dataset 2 only,1.0,0.706,0.97,0.0024127088993176463,0.9978,0.000662661168294018,0.9722,0.0023251910249827926,1.0,0.0,2.984017399604665,0.0003473134372806381,-0.20280857278434763,0.0028414262682216196,-0.0028085727843474963,0.0028414262682216196,0.0,0.0,0.0,0.0,2.983871122657503,0.0,0.0,0.0,0.0,,,,
0.2,0.2,2,M1 intersection,1.0,0.595,0.9466,0.0031798915613694143,0.9746,0.0022252996184061002,0.972,0.0023332999930938056,1.0,0.0,2.5410626957087543,0.002489778535804867,0.021674665449936053,0.0014569913157300187,-0.025237099878613774,0.00243583888718148,0.8174,0.005464194312421253,0.1826,0.005464194312421253,2.569677499297905,0.3863768852034033,0.3863768852034033,0.0,0.0,,,,
0.2,0.2,2,M2 convex (oracle),1.0,0.595,0.9752,0.0021995362220064447,0.9764,0.002146981580261274,0.9988,0.0004896528892903606,1.0,0.0,2.511141480941169,0.0012943787588197957,-0.0007538616443302245,0.0014130696245767621,0.11741398034396289,0.0014150941670544807,1.0,0.0,0.5949999999999999,1.570249491484956e-18,2.5114619245246095,0.0,1.1103340635837404e-16,0.0,1.0,0.9764,0.002146981580261274,0.9728,0.0023006717754003128
0.2,0.2,2,M3 convex (split),1.0,0.595,0.9722,0.0023251910249827926,0.982,0.0018804008034023721,0.9898,0.0014211248781102373,1.0,0.0,2.6831280262002255,0.003082990335030686,-0.034898132522570596,0.0019769937242570443,0.10430983928058088,0.0025664843970669518,0.8264512,0.003728640309204293,0.5364598,0.005259952628790816,2.6383485777276876,0.2636546847243861,0.37193481725379934,0.487,0.6118,,,,
0.2,0.2,2,M4 convex (plug-in),1.0,0.595,0.945,0.003224450250179584,0.973,0.002292433434193901,0.972,0.0023332999930938056,1.0,0.0,2.459695984658068,0.0016178114129910145,0.00801148268942161,0.0014220751219354646,0.03239805231720333,0.0025860734804061783,0.9066724,0.0021083011555279477,0.5100344000000001,0.0045080419265719285,2.5032900897316237,0.1490794043857246,0.3187667016152279,0.4842,0.7628,,,,
0.2,0.2,2,M5 dataset 1 only,1.0,0.595,0.9762,0.0021558389383962945,0.9764,0.002146981580261274,0.9998,0.00019999999999999998,1.0,0.0,2.591931522469943,8.686581747771015e-05,-0.0007538616443302245,0.0014130696245767621,0.19924613835566996,0.001413069624576762,1.0,0.0,1.0,0.0,2.5920421962195053,0.0,0.0,0.0,0.0,,,,
0.2,0.2,2,M5 dataset 2 only,1.0,0.595,0.97,0.0024127088993176463,0.9978,0.000662661168294018,0.9722,0.0023251910249827926,1.0,0.0,2.984017399604665,0.0003473134372806381,-0.20280857278434763,0.0028414262682216196,-0.0028085727843474963,0.0028414262682216196,0.0,0.0,0.0,0.0,2.983871122657503,0.0,0.0,0.0,0.0,,,,
0.2,0.5,2,M1 intersection,1.0,0.0,0.9468,0.003174266402405237,0.9746,0.0022252996184061002,0.9722,0.0023251910249827926,1.0,0.0,2.5949941571685744,0.0033571032289768776,0.021674665449936084,0.0014569913157300187,-0.004075988764455637,0.002801326276621212,0.8174,0.005464194312421253,0.015,0.0017191832706909536,2.5867022392115544,0.3863768852034033,0.12156461488080413,0.0,0.0,,,,
0.2,0.5,2,M2 convex (oracle),1.0,0.0,0.9486,0.0031230687971516655,0.9764,0.002146981580261274,0.9722,0.0023251910249827926,1.0,0.0,2.585919749897286,0.003196897054557343,-0.0007538616443301885,0.001413069624576762,-0.0028085727843474963,0.0028414262682216196,1.0,0.0,0.0,0.0,2.5873355249175467,0.0,0.0,0.0,0.0,0.9764,0.002146981580261274,0.9722,0.0023251910249827926
0.2,0.5,2,M3 convex (split),1.0,0.0,0.9674,0.002511714502476026,0.982,0.0018804008034023721,0.985,0.0017191832706909536,1.0,0.0,2.7887140901002456,0.0039584790491706216,-0.03489813252257057,0.0019769937242570443,0.13890828574747274,0.0037535363689118737,0.8264512,0.003728640309204293,0.2840968,0.004891136919983534,2.7980793748180925,0.2636546847243861,0.34585560838322404,0.487,0.4346,,,,
0.2,0.5,2,M4 convex (plug-in),1.0,0.0,0.9452,0.0032189228466769078,0.973,0.002292433434193901,0.9722,0.0023251910249827926,1.0,0.0,2.5541089861966015,0.0025674463807783864,0.008011482689421643,0.0014220751219354646,0.02535967122324738,0.0032481931393474085,0.9066724,0.0021083011555279477,0.1431006,0.0034404136299458275,2.5866621098908817,0.1490794043857246,0.243273980782132,0.4842,0.3148,,,,
0.2,0.5,2,M5 dataset 1 only,1.0,0.0,0.9764,0.002146981580261274,0.9764,0.002146981580261274,1.0,0.0,1.0,0.0,2.8919315224699433,8.686581747771016e-05,-0.0007538616443301885,0.001413069624576762,0.4992461383556698,0.001413069624576762,1.0,0.0,1.0,0.0,2.892042196219505,0.0,0.0,0.0,0.0,,,,
0.2,0.5,2,M5 dataset 2 only,1.0,0.0,0.97,0.0024127088993176463,0.9978,0.000662661168294018,0.9722,0.0023251910249827926,1.0,0.0,2.984017399604665,0.0003473134372806381,-0.20280857278434763,0.0028414262682216196,-0.0028085727843474963,0.0028414262682216196,0.0,0.0,0.0,0.0,2.983871122657503,0.0,0.0,0.0,0.0,,,,
0.2,1.0,2,M1 intersection,1.0,0.0,0.9468,0.003174266402405237,0.9746,0.0022252996184061002,0.9722,0.0023251910249827926,1.0,0.0,2.5992132421840077,0.003416417092349591,0.021674665449936088,0.0014569913157300187,-0.0028085727843474963,0.0028414262682216196,0.8174,0.005464194312421253,0.0,0.0,2.5873355249175467,0.3863768852034033,0.0,0.0,0.0,,,,
0.2,1.0,2,M2 convex (oracle),1.0,0.0,0.9486,0.0031230687971516655,0.9764,0.002146981580261274,0.9722,0.0023251910249827926,1.0,0.0,2.585919749897286,0.003196897054557343,-0.0007538616443301876,0.0014130696245767621,-0.0028085727843474963,0.0028414262682216196,1.0,0.0,0.0,0.0,2.5873355249175467,0.0,0.0,0.0,0.0,0.9764,0.002146981580261274,0.9722,0.0023251910249827926
0.2,1.0,2,M3 convex (split),1.0,0.0,0.9582,0.0028305749293891123,0.982,0.0018804008034023721,0.9758,0.0021734343246007388,1.0,0.0,2.7730856959327053,0.004400234234660338,-0.03489813252257057,0.0019769937242570443,0.04246615619436472,0.00397656826854929,0.8264512,0.003728640309204293,0.0454564,0.0021991277298880284,2.7542863718387607,0.2636546847243861,0.1555018130499203,0.487,0.0946,,,,
0.2,1.0,2,M4 convex (plug-in),1.0,0.0,0.9452,0.0032189228466769078,0.973,0.002292433434193901,0.9722,0.0023251910249827926,1.0,0.0,2.5727911113533626,0.002908642616245741,0.008011482689421643,0.0014220751219354646,-0.002429529424982782,0.0028580251288517797,0.9066724,0.0021083011555279477,0.0013572,0.00034046260380388003,2.5873355249175467,0.1490794043857246,0.024074341589015242,0.4842,0.004,,,,
0.2,1.0,2,M5 dataset 1 only,1.0,0.0,0.9764,0.002146981580261274,0.9764,0.002146981580261274,1.0,0.0,1.0,0.0,3.391931522469943,8.68658174777103e-05,-0.0007538616443301876,0.0014130696245767621,0.99924613835567,0.0014130696245767621,1.0,0.0,1.0,0.0,3.3920421962195046,0.0,0.0,0.0,0.0,,,,
0.2,1.0,2,M5 dataset 2 only,1.0,0.0,0.97,0.0024127088993176463,0.9978,0.000662661168294018,0.9722,0.0023251910249827926,1.0,0.0,2.984017399604665,0.0003473134372806381,-0.20280857278434763,0.0028414262682216196,-0.0028085727843474963,0.0028414262682216196,0.0,0.0,0.0,0.0,2.983871122657503,0.0,0.0,0.0,0.0,,,,
0.5,0.0,2,M1 intersection,1.0,0.8,0.9254,0.0037161445001492066,0.9764,0.002146981580261274,0.949,0.0031115488662833905,1.0,0.0,2.401249033375798,0.001413778729369652,0.0005135543357779502,0.001402790664012974,-0.0912740132558411,0.0018673371396184953,0.985,0.0017191832706909538,0.499,0.007071760881166166,2.393747027798472,0.12156461488080414,0.5000490074002351,0.0,0.0,,,,
0.5,0.0,2,M2 convex (oracle),1.0,0.8,0.95,0.0030825152684254486,0.9764,0.002146981580261274,0.9736,0.002267517657542153,1.0,0.0,2.370855921745265,0.0006414570153553824,-0.0007538616443301903,0.0014130696245767621,-0.0011648038723336529,0.0012577044668546948,1.0,0.0,0.7999999999999999,1.570249491484956e-18,2.370855228884418,0.0,1.1103340635837404e-16,0.0,1.0,0.9764,0.002146981580261274,0.9736,0.002267517657542153
0.5,0.0,2,M3 convex (split),1.0,0.8,0.9516,0.003035346877398566,0.978,0.0020746230530297384,0.9734,0.0022758567408299136,1.0,0.0,2.524833220243371,0.002464271165845965,-0.02865769173886531,0.0019977260976285376,-0.0020736038774911178,0.0020332040061842383,0.9425450000000001,0.0020796415500742814,0.6988137999999999,0.0046917788506779315,2.4796437808044507,0.14705286424948275,0.33175886411419914,0.2392,0.6058,,,,
0.5,0.0,2,M4 convex (plug-in),1.0,0.8,0.9122,0.0040026786390188075,0.9764,0.002146981580261274,0.9358,0.003466709623709927,1.0,0.0,2.3444398234648958,0.0009817976552752932,-0.0007478465475849516,0.0014125695483588768,-0.05245284579217228,0.0017541873344151236,0.9900206,0.0006324848476797755,0.7506476000000001,0.003488985045278531,2.368809113642884,0.04472343247921099,0.2467084984974903,0.0824,0.7678,,,,
0.5,0.0,2,M5 dataset 1 only,1.0,0.8,0.949,0.0031115488662833905,0.9764,0.002146981580261274,0.9726,0.002308877255905252,1.0,0.0,2.391931522469943,8.68658174777102e-05,-0.0007538616443301903,0.0014130696245767621,-0.0007538616443301884,0.001413069624576762,1.0,0.0,1.0,0.0,2.392042196219505,0.0,0.0,0.0,0.0,,,,
0.5,0.0,2,M5 dataset 2 only,1.0,0.8,0.9722,0.0023251910249827926,1.0,0.0,0.9722,0.0023251910249827926,1.0,0.0,3.2840173996046644,0.00034731343728063816,-0.5028085727843475,0.0028414262682216196,-0.002808572784347522,0.0028414262682216196,0.0,0.0,0.0,0.0,3.283871122657503,0.0,0.0,0.0,0.0,,,,
0.5,0.05,2,M1 intersection,1.0,0.754,0.9414,0.0033219595245903583,0.9764,0.002146981580261274,0.965,0.0025992982264938457,1.0,0.0,2.441196919875639,0.0016201959617089844,0.0005135543357779827,0.001402790664012974,-0.06865025980510345,0.002015350534485926,0.985,0.0017191832706909538,0.4108,0.006958329948423991,2.443473540265873,0.12156461488080414,0.4920282292264044,0.0,0.0,,,,
0.5,0.05,2,M2 convex (oracle),1.0,0.754,0.9652,0.0025921295930499758,0.9764,0.002146981580261274,0.9888,0.0014884068902736923,1.0,0.0,2.409625520669193,0.0007874136245811842,-0.0007538616443301572,0.0014130696245767621,0.03644067941522544,0.0012655782882691883,1.0,0.0,0.754,0.0,2.4094277906019457,0.0,0.0,0.0,1.0,0.9764,0.002146981580261274,0.9722,0.002325191024982793
0.5,0.05,2,M3 convex (split),1.0,0.754,0.9618,0.00271101861380273,0.978,0.0020746230530297384,0.9836,0.001796344446556432,1.0,0.0,2.5650779004402997,0.002530290360795507,-0.028657691738865277,0.0019977260976285376,0.030713363970710623,0.0021124811540917153,0.9425450000000001,0.0020796415500742814,0.6604026,0.0048894288874690795,2.5275241601383955,0.14705286424948275,0.3457348322458783,0.2392,0.6136,,,,
0.5,0.05,2,M4 convex (plug-in),1.0,0.754,0.934,0.003511590274113802,0.9764,0.002146981580261274,0.9576,0.002849924984009736,1.0,0.0,2.3806817024943228,0.0011500168881529071,-0.0007478465475849191,0.001412569548358877,-0.022902240169592414,0.0019253761580376408,0.9900206,0.0006324848476797755,0.6981634,0.003796299930026571,2.408262571729569,0.04472343247921099,0.2684389423939804,0.0824,0.804,,,,
0.5,0.05,2,M5 dataset 1 only,1.0,0.754,0.9678,0.0024967736733142536,0.9764,0.002146981580261274,0.9914,0.0013059667338113804,1.0,0.0,2.4419315224699427,8.686581747771027e-05,-0.0007538616443301572,0.0014130696245767621,0.04924613835566967,0.0014130696245767621,1.0,0.0,1.0,0.0,2.442042196219505,0.0,0.0,0.0,0.0,,,,
0.5,0.05,2,M5 dataset 2 only,1.0,0.754,0.9722,0.0023251910249827926,1.0,0.0,0.9722,0.0023251910249827926,1.0,0.0,3.2840173996046644,0.00034731343728063816,-0.5028085727843475,0.0028414262682216196,-0.002808572784347522,0.0028414262682216196,0.0,0.0,0.0,0.0,3.283871122657503,0.0,0.0,0.0,0.0,,,,
0.5,0.1,2,M1 intersection,1.0,0.706,0.9468,0.003174266402405237,0.9764,0.002146981580261274,0.9704,0.002397064284377181,1.0,0.0,2.4759385639767255,0.0018469146352959051,0.0005135543357777328,0.001402790664012974,-0.05012216406857736,0.0021675984716478676,0.985,0.0017191832706909538,0.3282,0.0066412177463648124,2.4922600837449638,0.12156461488080414,0.4696050103791,0.0,0.0,,,,
0.5,0.1,2,M2 convex (oracle),1.0,0.706,0.9726,0.002308877255905252,0.9764,0.002146981580261274,0.9962,0.0008702088557872403,1.0,0.0,2.446054647474068,0.0009401704368373582,-0.0007538616443304115,0.001413069624576762,0.06924205328050462,0.001291663843794834,1.0,0.0,0.7059999999999998,1.570249491484956e-18,2.4464001708446403,0.0,1.1103340635837404e-16,0.0,1.0,0.9764,0.002146981580261274,0.9726,0.002308877255905252
0.5,0.1,2,M3 convex (split),1.0,0.706,0.967,0.0025265543127625553,0.978,0.0020746230530297384,0.9886,0.0015014855616283349,1.0,0.0,2.6021473745961283,0.002608296792894337,-0.02865769173886552,0.001997726097628537,0.05949793256372595,0.0022292798495173157,0.9425450000000001,0.0020796415500742814,0.6206688,0.0050482891820937915,2.5707182315742916,0.14705286424948275,0.356967951404921,0.2392,0.6176,,,,
0.5,0.1,2,M4 convex (plug-in),1.0,0.706,0.9444,0.0032409610867384924,0.9764,0.002146981580261274,0.968,0.0024892648087050866,1.0,0.0,2.4141500259459745,0.0013305763639742502,-0.0007478465475851711,0.0014125695483588768,0.0012634494158221595,0.0021309768035065128,0.9900206,0.0006324848476797755,0.6396178,0.004082783718152339,2.445283044823087,0.04472343247921099,0.2886964053223545,0.0824,0.8156,,,,
0.5,0.1,2,M5 dataset 1 only,1.0,0.706,0.9742,0.002242292928124045,0.9764,0.002146981580261274,0.9978,0.000662661168294018,1.0,0.0,2.491931522469943,8.686581747771017e-05,-0.0007538616443304115,0.001413069624576762,0.09924613835566967,0.001413069624576762,1.0,0.0,1.0,0.0,2.4920421962195047,0.0,0.0,0.0,0.0,,,,
0.5,0.1,2,M5 dataset 2 only,1.0,0.706,0.9722,0.0023251910249827926,1.0,0.0,0.9722,0.0023251910249827926,1.0,0.0,3.2840173996046644,0.00034731343728063816,-0.5028085727843475,0.0028414262682216196,-0.002808572784347522,0.0028414262682216196,0.0,0.0,0.0,0.0,3.283871122657503,0.0,0.0,0.0,0.0,,,,
0.5,0.2,2,M1 intersection,1.0,0.595,0.9484,0.0031288090208860357,0.9764,0.002146981580261274,0.972,0.0023332999930938056,1.0,0.0,2.52945345647725,0.0023126706429979697,0.0005135543357779157,0.001402790664012974,-0.025237099878613792,0.00243583888718148,0.985,0.0017191832706909538,0.1826,0.005464194312421253,2.5821602933630454,0.12156461488080414,0.3863768852034033,0.0,0.0,,,,
0.5,0.2,2,M2 convex (oracle),1.0,0.595,0.9752,0.0021995362220064447,0.9764,0.002146981580261274,0.9988,0.0004896528892903606,1.0,0.0,2.511141480941169,0.0012943787588197957,-0.0007538616443302245,0.0014130696245767621,0.11741398034396286,0.0014150941670544807,1.0,0.0,0.5949999999999999,1.570249491484956e-18,2.5114619245246095,0.0,1.1103340635837404e-16,0.0,1.0,0.9764,0.002146981580261274,0.9728,0.0023006717754003128
0.5,0.2,2,M3 convex (split),1.0,0.595,0.9682,0.002481730000777552,0.978,0.0020746230530297384,0.9898,0.0014211248781102373,1.0,0.0,2.6663414400636123,0.0028231268991451377,-0.028657691738865343,0.0019977260976285376,0.10430983928058084,0.0025664843970669518,0.9425450000000001,0.0020796415500742814,0.5364598,0.005259952628790816,2.6495365140642804,0.14705286424948275,0.37193481725379934,0.2392,0.6118,,,,
0.5,0.2,2,M4 convex (plug-in),1.0,0.595,0.9484,0.0031288090208860357,0.9764,0.002146981580261274,0.972,0.0023332999930938056,1.0,0.0,2.471727422191554,0.0017189537821866183,-0.0007478465475849864,0.0014125695483588768,0.032398052317203316,0.0025860734804061783,0.9900206,0.0006324848476797755,0.5100344000000001,0.0045080419265719285,2.5109608485160275,0.04472343247921099,0.3187667016152279,0.0824,0.7628,,,,
0.5,0.2,2,M5 dataset 1 only,1.0,0.595,0.9762,0.0021558389383962945,0.9764,0.002146981580261274,0.9998,0.00019999999999999998,1.0,0.0,2.591931522469943,8.686581747771015e-05,-0.0007538616443302245,0.0014130696245767621,0.19924613835566996,0.001413069624576762,1.0,0.0,1.0,0.0,2.5920421962195053,0.0,0.0,0.0,0.0,,,,
0.5,0.2,2,M5 dataset 2 only,1.0,0.595,0.9722,0.0023251910249827926,1.0,0.0,0.9722,0.0023251910249827926,1.0,0.0,3.2840173996046644,0.00034731343728063816,-0.5028085727843475,0.0028414262682216196,-0.002808572784347522,0.0028414262682216196,0.0,0.0,0.0,0.0,3.283871122657503,0.0,0.0,0.0,0.0,,,,
0.5,0.5,2,M1 intersection,1.0,0.0,0.9486,0.0031230687971516655,0.9764,0.002146981580261274,0.9722,0.0023251910249827926,1.0,0.0,2.58338491793707,0.003115855745551985,0.0005135543357779515,0.001402790664012974,-0.004075988764455662,0.002801326276621212,0.985,0.0017191832706909538,0.015,0.0017191832706909536,2.587335524917547,0.12156461488080414,0.12156461488080413,0.0,0.0,,,,
0.5,0.5,2,M2 convex (oracle),1.0,0.0,0.9486,0.0031230687971516655,0.9764,0.002146981580261274,0.9722,0.0023251910249827926,1.0,0.0,2.585919749897286,0.003196897054557343,-0.0007538616443301885,0.001413069624576762,-0.002808572784347522,0.0028414262682216196,1.0,0.0,0.0,0.0,2.587335524917547,0.0,0.0,0.0,0.0,0.9764,0.002146981580261274,0.9722,0.0023251910249827926
0.5,0.5,2,M3 convex (split),1.0,0.0,0.9634,0.002655842371026554,0.978,0.0020746230530297384,0.985,0.0017191832706909536,1.0,0.0,2.771927503963632,0.003764411684756667,-0.02865769173886531,0.0019977260976285376,0.1389082857474727,0.0037535363689118746,0.9425450000000001,0.0020796415500742814,0.2840968,0.004891136919983534,2.78783140269626,0.14705286424948275,0.34585560838322404,0.2392,0.4346,,,,
0.5,0.5,2,M4 convex (plug-in),1.0,0.0,0.9486,0.0031230687971516655,0.9764,0.002146981580261274,0.9722,0.0023251910249827926,1.0,0.0,2.566140423730087,0.0027572496327672234,-0.0007478465475849501,0.0014125695483588768,0.025359671223247355,0.0032481931393474085,0.9900206,0.0006324848476797755,0.1431006,0.0034404136299458275,2.587335524917547,0.04472343247921099,0.243273980782132,0.0824,0.3148,,,,
0.5,0.5,2,M5 dataset 1 only,1.0,0.0,0.9764,0.002146981580261274,0.9764,0.002146981580261274,1.0,0.0,1.0,0.0,2.8919315224699433,8.686581747771016e-05,-0.0007538616443301885,0.001413069624576762,0.4992461383556698,0.001413069624576762,1.0,0.0,1.0,0.0,2.892042196219505,0.0,0.0,0.0,0.0,,,,
0.5,0.5,2,M5 dataset 2 only,1.0,0.0,0.9722,0.0023251910249827926,1.0,0.0,0.9722,0.0023251910249827926,1.0,0.0,3.2840173996046644,0.00034731343728063816,-0.5028085727843475,0.0028414262682216196,-0.002808572784347522,0.0028414262682216196,0.0,0.0,0.0,0.0,3.283871122657503,0.0,0.0,0.0,0.0,,,,
0.5,1.0,2,M1 intersection,1.0,0.0,0.9486,0.0031230687971516655,0.9764,0.002146981580261274,0.9722,0.0023251910249827926,1.0,0.0,2.587604002952504,0.003261335344955335,0.0005135543357779526,0.001402790664012974,-0.002808572784347522,0.0028414262682216196,0.985,0.0017191832706909538,0.0,0.0,2.587335524917547,0.12156461488080414,0.0,0.0,0.0,,,,
0.5,1.0,2,M2 convex (oracle),1.0,0.0,0.9486,0.0031230687971516655,0.9764,0.002146981580261274,0.9722,0.0023251910249827926,1.0,0.0,2.585919749897286,0.003196897054557343,-0.0007538616443301876,0.0014130696245767621,-0.002808572784347522,0.0028414262682216196,1.0,0.0,0.0,0.0,2.587335524917547,0.0,0.0,0.0,0.0,0.9764,0.002146981580261274,0.9722,0.0023251910249827926
0.5,1.0,2,M3 convex (split),1.0,0.0,0.9546,0.002944401789902335,0.978,0.0020746230530297384,0.9758,0.0021734343246007388,1.0,0.0,2.756299109796091,0.004474652311789743,-0.02865769173886531,0.0019977260976285376,0.042466156194364675,0.00397656826854929,0.9425450000000001,0.0020796415500742814,0.0454564,0.0021991277298880284,2.742751301151525,0.14705286424948275,0.1555018130499203,0.2392,0.0946,,,,
0.5,1.0,2,M4 convex (plug-in),1.0,0.0,0.9486,0.0031230687971516655,0.9764,0.002146981580261274,0.9722,0.0023251910249827926,1.0,0.0,2.5848225488868484,0.003158494321406079,-0.0007478465475849491,0.0014125695483588768,-0.0024295294249828078,0.0028580251288517797,0.9900206,0.0006324848476797755,0.0013572,0.00034046260380388003,2.587335524917547,0.04472343247921099,0.024074341589015242,0.0824,0.004,,,,
0.5,1.0,2,M5 dataset 1 only,1.0,0.0,0.9764,0.002146981580261274,0.9764,0.002146981580261274,1.0,0.0,1.0,0.0,3.391931522469943,8.68658174777103e-05,-0.0007538616443301876,0.0014130696245767621,0.99924613835567,0.0014130696245767621,1.0,0.0,1.0,0.0,3.3920421962195046,0.0,0.0,0.0,0.0,,,,
0.5,1.0,2,M5 dataset 2 only,1.0,0.0,0.9722,0.0023251910249827926,1.0,0.0,0.9722,0.0023251910249827926,1.0,0.0,3.2840173996046644,0.00034731343728063816,-0.5028085727843475,0.0028414262682216196,-0.002808572784347522,0.0028414262682216196,0.0,0.0,0.0,0.0,3.283871122657503,0.0,0.0,0.0,0.0,,,,
1.0,0.0,2,M1 intersection,1.0,0.8,0.9254,0.0037161445001492066,0.9764,0.002146981580261274,0.949,0.0031115488662833905,1.0,0.0,2.399564780320581,0.0013963828462208905,-0.0007538616443301903,0.0014130696245767621,-0.0912740132558411,0.0018673371396184953,1.0,0.0,0.499,0.007071760881166166,2.3934794591389057,0.0,0.5000490074002351,0.0,0.0,,,,
1.0,0.0,2,M2 convex (oracle),1.0,0.8,0.95,0.0030825152684254486,0.9764,0.002146981580261274,0.9736,0.002267517657542153,1.0,0.0,2.370855921745265,0.0006414570153553824,-0.0007538616443301903,0.0014130696245767621,-0.001164803872333654,0.0012577044668546948,1.0,0.0,0.7999999999999999,1.570249491484956e-18,2.370855228884418,0.0,1.1103340635837404e-16,0.0,1.0,0.9764,0.002146981580261274,0.9736,0.002267517657542153
1.0,0.0,2,M3 convex (split),1.0,0.8,0.9478,0.0031459515893097357,0.9742,0.002242292928124045,0.9734,0.0022758567408299136,1.0,0.0,2.500057594024426,0.0021228092952482315,-0.00388584560381426,0.0017473141331621886,-0.002073603877491117,0.0020332040061842383,0.9959004000000001,0.0004821356105053675,0.6988137999999999,0.0046917788506779315,2.4684456355311353,0.034092135963986143,0.33175886411419914,0.028,0.6058,,,,
1.0,0.0,2,M4 convex (plug-in),1.0,0.8,0.9122,0.0040026786390188075,0.9764,0.002146981580261274,0.9358,0.003466709623709927,1.0,0.0,2.345430918280659,0.000986604869715461,-0.0007553140000935341,0.0014131317795461342,-0.05245284579217228,0.0017541873344151236,0.999973,2.7000000000000002e-05,0.7506476000000001,0.003488985045278531,2.3702207349831994,0.0019091883092036785,0.2467084984974903,0.0002,0.7678,,,,
1.0,0.0,2,M5 dataset 1 only,1.0,0.8,0.949,0.0031115488662833905,0.9764,0.002146981580261274,0.9726,0.002308877255905252,1.0,0.0,2.391931522469943,8.68658174777102e-05,-0.0007538616443301903,0.0014130696245767621,-0.0007538616443301884,0.001413069624576762,1.0,0.0,1.0,0.0,2.392042196219505,0.0,0.0,0.0,0.0,,,,
1.0,0.0,2,M5 dataset 2 only,1.0,0.8,0.9722,0.0023251910249827926,1.0,0.0,0.9722,0.0023251910249827926,1.0,0.0,3.7840173996046644,0.0003473134372806381,-1.0028085727843477,0.0028414262682216196,-0.0028085727843475228,0.0028414262682216196,0.0,0.0,0.0,0.0,3.7838711226575024,0.0,0.0,0.0,0.0,,,,
1.0,0.05,2,M1 intersection,1.0,0.754,0.9414,0.0033219595245903583,0.9764,0.002146981580261274,0.965,0.0025992982264938457,1.0,0.0,2.4395126668204217,0.0016029273957653871,-0.0007538616443301572,0.0014130696245767621,-0.06865025980510345,0.002015350534485926,1.0,0.0,0.4108,0.006958329948423991,2.443209941302326,0.0,0.4920282292264044,0.0,0.0,,,,
1.0,0.05,2,M2 convex (oracle),1.0,0.754,0.9652,0.0025921295930499758,0.9764,0.002146981580261274,0.9888,0.0014884068902736923,1.0,0.0,2.409625520669193,0.0007874136245811842,-0.0007538616443301572,0.0014130696245767621,0.036440679415225434,0.0012655782882691883,1.0,0.0,0.754,0.0,2.4094277906019457,0.0,0.0,0.0,1.0,0.9764,0.002146981580261274,0.9722,0.002325191024982793
1.0,0.05,2,M3 convex (split),1.0,0.754,0.958,0.0028370424321734053,0.9742,0.002242292928124045,0.9836,0.001796344446556432,1.0,0.0,2.540302274221354,0.0021770472104134806,-0.003885845603814228,0.0017473141331621886,0.030713363970710623,0.0021124811540917153,0.9959004000000001,0.0004821356105053675,0.6604026,0.0048894288874690795,2.515787272116658,0.034092135963986143,0.3457348322458783,0.028,0.6136,,,,
1.0,0.05,2,M4 convex (plug-in),1.0,0.754,0.934,0.003511590274113802,0.9764,0.002146981580261274,0.9576,0.002849924984009736,1.0,0.0,2.381672797310086,0.0011564846337469986,-0.0007553140000935011,0.0014131317795461342,-0.022902240169592414,0.0019253761580376408,0.999973,2.7000000000000002e-05,0.6981634,0.003796299930026571,2.4091296615577154,0.0019091883092036785,0.2684389423939804,0.0002,0.804,,,,
1.0,0.05,2,M5 dataset 1 only,1.0,0.754,0.9678,0.0024967736733142536,0.9764,0.002146981580261274,0.9914,0.0013059667338113804,1.0,0.0,2.4419315224699427,8.686581747771027e-05,-0.0007538616443301572,0.0014130696245767621,0.04924613835566967,0.0014130696245767621,1.0,0.0,1.0,0.0,2.442042196219505,0.0,0.0,0.0,0.0,,,,
1.0,0.05,2,M5 dataset 2 only,1.0,0.754,0.9722,0.0023251910249827926,1.0,0.0,0.9722,0.0023251910249827926,1.0,0.0,3.7840173996046644,0.0003473134372806381,-1.0028085727843477,0.0028414262682216196,-0.0028085727843475228,0.0028414262682216196,0.0,0.0,0.0,0.0,3.7838711226575024,0.0,0.0,0.0,0.0,,,,
1.0,0.1,2,M1 intersection,1.0,0.706,0.9468,0.003174266402405237,0.9764,0.002146981580261274,0.9704,0.002397064284377181,1.0,0.0,2.4742543109215083,0.0018289760311401865,-0.0007538616443304115,0.001413069624576762,-0.050122164068577356,0.0021675984716478676,1.0,0.0,0.3282,0.0066412177463648124,2.4919302748218297,0.0,0.4696050103791,0.0,0.0,,,,
1.0,0.1,2,M2 convex (oracle),1.0,0.706,0.9726,0.002308877255905252,0.9764,0.002146981580261274,0.9962,0.0008702088557872403,1.0,0.0,2.446054647474068,0.0009401704368373582,-0.0007538616443304115,0.001413069624576762,0.06924205328050462,0.001291663843794834,1.0,0.0,0.7059999999999998,1.570249491484956e-18,2.4464001708446403,0.0,1.1103340635837404e-16,0.0,1.0,0.9764,0.002146981580261274,0.9726,0.002308877255905252
1.0,0.1,2,M3 convex (split),1.0,0.706,0.9632,0.002662812444394611,0.9742,0.002242292928124045,0.9886,0.0015014855616283349,1.0,0.0,2.5773717483771827,0.0022394458048702968,-0.003885845603814481,0.0017473141331621886,0.05949793256372595,0.0022292798495173152,0.9959004000000001,0.0004821356105053675,0.6206688,0.0050482891820937915,2.5618243484222925,0.034092135963986143,0.356967951404921,0.028,0.6176,,,,
1.0,0.1,2,M4 convex (plug-in),1.0,0.706,0.9444,0.0032409610867384924,0.9764,0.002146981580261274,0.968,0.0024892648087050866,1.0,0.0,2.415141120761738,0.0013386210890356143,-0.0007553140000937553,0.0014131317795461342,0.00126344941582216,0.0021309768035065128,0.999973,2.7000000000000002e-05,0.6396178,0.004082783718152339,2.446146587082583,0.0019091883092036785,0.2886964053223545,0.0002,0.8156,,,,
1.0,0.1,2,M5 dataset 1 only,1.0,0.706,0.9742,0.002242292928124045,0.9764,0.002146981580261274,0.9978,0.000662661168294018,1.0,0.0,2.491931522469943,8.686581747771017e-05,-0.0007538616443304115,0.001413069624576762,0.09924613835566967,0.001413069624576762,1.0,0.0,1.0,0.0,2.4920421962195047,0.0,0.0,0.0,0.0,,,,
1.0,0.1,2,M5 dataset 2 only,1.0,0.706,0.9722,0.0023251910249827926,1.0,0.0,0.9722,0.0023251910249827926,1.0,0.0,3.7840173996046644,0.0003473134372806381,-1.0028085727843477,0.0028414262682216196,-0.0028085727843475228,0.0028414262682216196,0.0,0.0,0.0,0.0,3.7838711226575024,0.0,0.0,0.0,0.0,,,,
1.0,0.2,2,M1 intersection,1.0,0.595,0.9484,0.0031288090208860357,0.9764,0.002146981580261274,0.972,0.0023332999930938056,1.0,0.0,2.527769203422033,0.00229154572657864,-0.0007538616443302245,0.0014130696245767621,-0.025237099878613792,0.00243583888718148,1.0,0.0,0.1826,0.005464194312421253,2.5822795290763096,0.0,0.3863768852034033,0.0,0.0,,,,
1.0,0.2,2,M2 convex (oracle),1.0,0.595,0.9752,0.0021995362220064447,0.9764,0.002146981580261274,0.9988,0.0004896528892903606,1.0,0.0,2.511141480941169,0.0012943787588197955,-0.0007538616443302245,0.0014130696245767621,0.11741398034396289,0.0014150941670544807,1.0,0.0,0.5949999999999999,1.570249491484956e-18,2.5114619245246095,0.0,1.1103340635837404e-16,0.0,1.0,0.9764,0.002146981580261274,0.9728,0.0023006717754003128
1.0,0.2,2,M3 convex (split),1.0,0.595,0.9644,0.0026206681553214753,0.9742,0.002242292928124045,0.9898,0.0014211248781102373,1.0,0.0,2.641565813844667,0.0024209473649511475,-0.003885845603814299,0.0017473141331621886,0.10430983928058085,0.0025664843970669518,0.9959004000000001,0.0004821356105053675,0.5364598,0.005259952628790816,2.642381899076271,0.034092135963986143,0.37193481725379934,0.028,0.6118,,,,
1.0,0.2,2,M4 convex (plug-in),1.0,0.595,0.9484,0.0031288090208860357,0.9764,0.002146981580261274,0.972,0.0023332999930938056,1.0,0.0,2.4727185170073174,0.0017300519115790328,-0.0007553140000935685,0.0014131317795461342,0.03239805231720332,0.0025860734804061783,0.999973,2.7000000000000002e-05,0.5100344000000001,0.0045080419265719285,2.511394411625327,0.0019091883092036785,0.3187667016152279,0.0002,0.7628,,,,
1.0,0.2,2,M5 dataset 1 only,1.0,0.595,0.9762,0.0021558389383962945,0.9764,0.002146981580261274,0.9998,0.00019999999999999998,1.0,0.0,2.591931522469943,8.686581747771015e-05,-0.0007538616443302245,0.0014130696245767621,0.19924613835566996,0.001413069624576762,1.0,0.0,1.0,0.0,2.5920421962195053,0.0,0.0,0.0,0.0,,,,
1.0,0.2,2,M5 dataset 2 only,1.0,0.595,0.9722,0.0023251910249827926,1.0,0.0,0.9722,0.0023251910249827926,1.0,0.0,3.7840173996046644,0.0003473134372806381,-1.0028085727843477,0.0028414262682216196,-0.0028085727843475228,0.0028414262682216196,0.0,0.0,0.0,0.0,3.7838711226575024,0.0,0.0,0.0,0.0,,,,
1.0,0.5,2,M1 intersection,1.0,0.0,0.9486,0.0031230687971516655,0.9764,0.002146981580261274,0.9722,0.0023251910249827926,1.0,0.0,2.581700664881853,0.0030733505338646993,-0.0007538616443301885,0.001413069624576762,-0.004075988764455664,0.002801326276621212,1.0,0.0,0.015,0.0017191832706909536,2.587335524917547,0.0,0.12156461488080413,0.0,0.0,,,,
1.0,0.5,2,M2 convex (oracle),1.0,0.0,0.9486,0.0031230687971516655,0.9764,0.002146981580261274,0.9722,0.0023251910249827926,1.0,0.0,2.585919749897286,0.003196897054557343,-0.0007538616443301885,0.001413069624576762,-0.0028085727843475228,0.0028414262682216196,1.0,0.0,0.0,0.0,2.587335524917547,0.0,0.0,0.0,0.0,0.9764,0.002146981580261274,0.9722,0.0023251910249827926
1.0,0.5,2,M3 convex (split),1.0,0.0,0.9596,0.002784801433460698,0.9742,0.002242292928124045,0.985,0.0017191832706909536,1.0,0.0,2.7471518777446864,0.003286281935735911,-0.0038858456038142583,0.0017473141331621886,0.1389082857474727,0.0037535363689118737,0.9959004000000001,0.0004821356105053675,0.2840968,0.004891136919983534,2.77461236709921,0.034092135963986143,0.34585560838322404,0.028,0.4346,,,,
1.0,0.5,2,M4 convex (plug-in),1.0,0.0,0.9486,0.0031230687971516655,0.9764,0.002146981580261274,0.9722,0.0023251910249827926,1.0,0.0,2.567131518545851,0.00277772866726486,-0.0007553140000935324,0.0014131317795461342,0.025359671223247362,0.0032481931393474085,0.999973,2.7000000000000002e-05,0.1431006,0.0034404136299458275,2.587335524917547,0.0019091883092036785,0.243273980782132,0.0002,0.3148,,,,
1.0,0.5,2,M5 dataset 1 only,1.0,0.0,0.9764,0.002146981580261274,0.9764,0.002146981580261274,1.0,0.0,1.0,0.0,2.8919315224699433,8.686581747771016e-05,-0.0007538616443301885,0.001413069624576762,0.4992461383556698,0.001413069624576762,1.0,0.0,1.0,0.0,2.892042196219505,0.0,0.0,0.0,0.0,,,,
1.0,0.5,2,M5 dataset 2 only,1.0,0.0,0.9722,0.0023251910249827926,1.0,0.0,0.9722,0.0023251910249827926,1.0,0.0,3.7840173996046644,0.0003473134372806381,-1.0028085727843477,0.0028414262682216196,-0.0028085727843475228,0.0028414262682216196,0.0,0.0,0.0,0.0,3.7838711226575024,0.0,0.0,0.0,0.0,,,,
1.0,1.0,2,M1 intersection,1.0,0.0,0.9486,0.0031230687971516655,0.9764,0.002146981580261274,0.9722,0.0023251910249827926,1.0,0.0,2.585919749897286,0.003196897054557343,-0.0007538616443301876,0.0014130696245767621,-0.0028085727843475228,0.0028414262682216196,1.0,0.0,0.0,0.0,2.587335524917547,0.0,0.0,0.0,0.0,,,,
1.0,1.0,2,M2 convex (oracle),1.0,0.0,0.9486,0.0031230687971516655,0.9764,0.002146981580261274,0.9722,0.0023251910249827926,1.0,0.0,2.585919749897286,0.003196897054557343,-0.0007538616443301876,0.0014130696245767621,-0.0028085727843475228,0.0028414262682216196,1.0,0.0,0.0,0.0,2.587335524917547,0.0,0.0,0.0,0.0,0.9764,0.002146981580261274,0.9722,0.0023251910249827926
1.0,1.0,2,M3 convex (split),1.0,0.0,0.9508,0.0030590429138391867,0.9742,0.002242292928124045,0.9758,0.0021734343246007388,1.0,0.0,2.731523483577146,0.004084340020484703,-0.003885845603814259,0.0017473141331621886,0.04246615619436468,0.00397656826854929,0.9959004000000001,0.0004821356105053675,0.0454564,0.0021991277298880284,2.729471786990109,0.034092135963986143,0.1555018130499203,0.028,0.0946,,,,
1.0,1.0,2,M4 convex (plug-in),1.0,0.0,0.9486,0.0031230687971516655,0.9764,0.002146981580261274,0.9722,0.0023251910249827926,1.0,0.0,2.585813643702612,0.0031917811287676904,-0.0007553140000935316,0.0014131317795461342,-0.0024295294249828086,0.0028580251288517797,0.999973,2.7000000000000002e-05,0.0013572,0.00034046260380388003,2.587335524917547,0.0019091883092036785,0.024074341589015242,0.0002,0.004,,,,
1.0,1.0,2,M5 dataset 1 only,1.0,0.0,0.9764,0.002146981580261274,0.9764,0.002146981580261274,1.0,0.0,1.0,0.0,3.391931522469943,8.68658174777103e-05,-0.0007538616443301876,0.0014130696245767621,0.99924613835567,0.0014130696245767621,1.0,0.0,1.0,0.0,3.3920421962195046,0.0,0.0,0.0,0.0,,,,
1.0,1.0,2,M5 dataset 2 only,1.0,0.0,0.9722,0.0023251910249827926,1.0,0.0,0.9722,0.0023251910249827926,1.0,0.0,3.7840173996046644,0.0003473134372806381,-1.0028085727843477,0.0028414262682216196,-0.0028085727843475228,0.0028414262682216196,0.0,0.0,0.0,0.0,3.7838711226575024,0.0,0.0,0.0,0.0,,,,
0.0,0.0,5,M1 intersection,0.962,0.962,0.913,0.003986148250576629,0.9576,0.002849924984009736,0.9544,0.0029505709911531977,1.0,0.0,2.768796404443444,0.004449061881441878,0.19970790634607957,0.004204817366568263,-0.2074831999512786,0.004265802911890796,0.5004,0.007071772761761989,0.4996,0.007071772761761989,2.836095146357423,0.5000498474852222,0.5000498474852222,0.0,0.0,,,,
0.0,0.0,5,M2 convex (oracle),0.962,0.962,0.949,0.0031115488662833905,0.9756,0.0021821733148572812,0.9734,0.0022758567408299136,1.0,0.0,2.384332891960932,8.227958413814255e-05,-0.0009920293163586588,0.0013819821097309831,-0.0009920293163586597,0.0013819821097309831,0.962,0.0,0.962,0.0,2.3844493090729415,0.0,0.0,1.0,1.0,0.9756,0.0021821733148572812,0.9734,0.0022758567408299136
0.0,0.0,5,M3 convex (split),0.962,0.962,0.9444,0.0032409610867384924,0.972,0.0023332999930938056,0.972,0.002333299993093806,0.9998,0.00019999999999999998,2.702573984986756,0.006734495976266395,0.00041274400878528006,0.003339245328650266,-0.002896254308051907,0.0033837328624105943,0.8323309999999999,0.0042590220546003645,0.8311238000000001,0.004268592952235007,2.507461266090339,0.301158337603098,0.3018351022650478,0.4996,0.495,,,,
0.0,0.0,5,M4 convex (plug-in),0.962,0.962,0.8744,0.00468714431870546,0.9376,0.003421050820689974,0.9358,0.003466709623709927,1.0,0.0,2.3306070829703587,0.0014901187929757958,0.06629515240771505,0.0031641815208008546,-0.07096135585535328,0.0032261979541353255,0.9058417999999999,0.0026130131500044958,0.9026348,0.0026659578526387864,2.3627287402625257,0.18476793176978004,0.18851168759584125,0.6132,0.6236,,,,
0.0,0.0,5,M5 dataset 1 only,0.962,0.962,0.949,0.0031115488662833905,0.9764,0.002146981580261274,0.9726,0.002308877255905252,1.0,0.0,2.391931522469943,8.68658174777102e-05,-0.0007538616443301903,0.0014130696245767621,-0.0007538616443301884,0.001413069624576762,1.0,0.0,1.0,0.0,2.392042196219505,0.0,0.0,0.0,0.0,,,,
0.0,0.0,5,M5 dataset 2 only,0.962,0.962,0.946,0.0031966926296961603,0.9738,0.002259144250938684,0.9722,0.0023251910249827926,1.0,0.0,3.9600434990116615,0.0008682835932015951,-0.0070214319608688245,0.007103565670554049,-0.0070214319608688245,0.007103565670554049,0.0,0.0,0.0,0.0,3.9596778066437563,0.0,0.0,0.0,0.0,,,,
0.0,0.05,5,M1 intersection,0.962,0.9520000000000001,0.9242,0.003743484304087168,0.9576,0.002849924984009736,0.9662,0.0025559379029453633,1.0,0.0,2.8248624316725883,0.005430688310912132,0.19970790634607957,0.004204817366568262,-0.18353166001118515,0.004486117591592747,0.5004,0.007071772761761989,0.4584,0.007047256257874609,2.860308383551171,0.5000498474852222,0.4983162688702469,0.0,0.0,,,,
0.0,0.05,5,M2 convex (oracle),0.962,0.9520000000000001,0.9662,0.002555937902945363,0.9756,0.0021821733148572812,0.9906,0.0013648078766288028,1.0,0.0,2.432109090403244,0.0001083475866758797,-0.0009920293163586276,0.0013819821097309831,0.04654529498047582,0.0013828705409740232,0.962,0.0,0.952,1.570249491484956e-18,2.432153952530592,0.0,1.1103340635837404e-16,1.0,1.0,0.9756,0.0021821733148572812,0.9734,0.002275856740829914
0.0,0.05,5,M3 convex (split),0.962,0.9520000000000001,0.9562,0.002894475357905039,0.972,0.0023332999930938056,0.9836,0.001796344446556432,0.9998,0.00019999999999999998,2.7539061803375793,0.006749984552410745,0.00041274400878530635,0.003339245328650266,0.037739996570204166,0.0035054128026777067,0.8323309999999999,0.0042590220546003645,0.8183796,0.004413608433997031,2.557655875239715,0.301158337603098,0.31208924531814397,0.4996,0.5082,,,,
0.0,0.05,5,M4 convex (plug-in),0.962,0.9520000000000001,0.8956,0.0043247969632983635,0.9376,0.003421050820689974,0.9576,0.002849924984009736,1.0,0.0,2.375404320692784,0.0015684895915218054,0.0662951524077151,0.003164181520800855,-0.034160283906942375,0.0035061800532337536,0.9058417999999999,0.0026130131500044958,0.8888932,0.0028989899874510548,2.4099980780051817,0.18476793176978004,0.20498954787185453,0.6132,0.6504,,,,
0.0,0.05,5,M5 dataset 1 only,0.962,0.9520000000000001,0.9678,0.0024967736733142536,0.9764,0.002146981580261274,0.9914,0.0013059667338113804,1.0,0.0,2.4419315224699427,8.686581747771027e-05,-0.0007538616443301572,0.0014130696245767621,0.04924613835566967,0.0014130696245767621,1.0,0.0,1.0,0.0,2.442042196219505,0.0,0.0,0.0,0.0,,,,
0.0,0.05,5,M5 dataset 2 only,0.962,0.9520000000000001,0.946,0.0031966926296961603,0.9738,0.002259144250938684,0.9722,0.0023251910249827926,1.0,0.0,3.9600434990116615,0.0008682835932015951,-0.0070214319608688245,0.007103565670554049,-0.0070214319608688245,0.007103565670554049,0.0,0.0,0.0,0.0,3.9596778066437563,0.0,0.0,0.0,0.0,,,,
0.0,0.1,5,M1 intersection,0.962,0.9420000000000001,0.9286,0.0036418485158120485,0.9576,0.002849924984009736,0.9708,0.0023813034500508837,1.0,0.0,2.8746703687761714,0.0060873541143033885,0.19970790634607946,0.004204817366568264,-0.16146739654092757,0.004704538887634395,0.5004,0.007071772761761989,0.423,0.006987414743162065,2.884575418959942,0.5000498474852222,0.49408483478527543,0.0,0.0,,,,
0.0,0.1,5,M2 convex (oracle),0.962,0.9420000000000001,0.9736,0.0022675176575421532,0.9756,0.0021821733148572812,0.998,0.0006318859517121696,1.0,0.0,2.4794031833198114,0.0001651408589430796,-0.0009920293163588713,0.0013819821097309831,0.09308261927731046,0.0013875656208122084,0.962,0.0,0.942,1.570249491484956e-18,2.479365484208466,0.0,1.1103340635837404e-16,1.0,1.0,0.9756,0.0021821733148572812,0.9722,0.0023251910249827926
0.0,0.1,5,M3 convex (split),0.962,0.9420000000000001,0.963,0.0026697613236214613,0.972,0.0023332999930938056,0.9906,0.0013648078766288028,0.9998,0.00019999999999999998,2.8046110079813715,0.006763708504187042,0.000412744008785095,0.003339245328650266,0.07684078718714724,0.0036634465910476673,0.8323309999999999,0.0042590220546003645,0.8047684,0.004563357268305829,2.6074509271274944,0.301158337603098,0.3226780869395971,0.4996,0.521,,,,
0.0,0.1,5,M4 convex (plug-in),0.962,0.9420000000000001,0.9058,0.004131426598300813,0.9376,0.003421050820689974,0.968,0.0024892648087050866,1.0,0.0,2.4194873699924115,0.0016583510913514075,0.06629515240771486,0.003164181520800855,0.001166208171674647,0.0037960769442324962,0.9058417999999999,0.0026130131500044958,0.8742136,0.003119393357367999,2.4572927592486837,0.18476793176978004,0.22057441961831836,0.6132,0.6758,,,,
0.0,0.1,5,M5 dataset 1 only,0.962,0.9420000000000001,0.9742,0.002242292928124045,0.9764,0.002146981580261274,0.9978,0.000662661168294018,1.0,0.0,2.491931522469943,8.686581747771017e-05,-0.0007538616443304115,0.001413069624576762,0.09924613835566967,0.001413069624576762,1.0,0.0,1.0,0.0,2.4920421962195047,0.0,0.0,0.0,0.0,,,,
0.0,0.1,5,M5 dataset 2 only,0.962,0.9420000000000001,0.946,0.0031966926296961603,0.9738,0.002259144250938684,0.9722,0.0023251910249827926,1.0,0.0,3.9600434990116615,0.0008682835932015951,-0.0070214319608688245,0.007103565670554049,-0.0070214319608688245,0.007103565670554049,0.0,0.0,0.0,0.0,3.9596778066437563,0.0,0.0,0.0,0.0,,,,
0.0,0.2,5,M1 intersection,0.962,0.922,0.9296,0.003618202078001649,0.9576,0.002849924984009736,0.972,0.0023332999930938056,1.0,0.0,2.977705389354182,0.007226187246511309,0.19970790634607952,0.004204817366568263,-0.12338471025493264,0.005121464428192451,0.5004,0.007071772761761989,0.3402,0.006700878476324645,2.9289432142733043,0.5000498474852222,0.47382366105161366,0.0,0.0,,,,
0.0,0.2,5,M2 convex (oracle),0.962,0.922,0.9754,0.0021908737949953025,0.9756,0.0021821733148572812,0.9998,0.00019999999999999998,1.0,0.0,2.5725166401084447,0.00030010256381314044,-0.0009920293163586916,0.0013819821097309831,0.1831572678709799,0.0014081925658300481,0.962,0.0,0.922,0.0,2.5724369027297866,0.0,0.0,1.0,1.0,0.9756,0.0021821733148572812,0.9734,0.002275856740829914
0.0,0.2,5,M3 convex (split),0.962,0.922,0.966,0.0025632233657651767,0.972,0.0023332999930938056,0.9936,0.0011278574433333745,0.9998,0.00019999999999999998,2.9052946798510706,0.006827256543715135,0.00041274400878524737,0.003339245328650266,0.15162616639232523,0.003995976388739964,0.8323309999999999,0.0042590220546003645,0.7749812,0.004865191304213774,2.7040041057857955,0.301158337603098,0.34402097629793826,0.4996,0.5362,,,,
0.0,0.2,5,M4 convex (plug-in),0.962,0.922,0.9096,0.004055719143574208,0.9376,0.003421050820689974,0.972,0.0023332999930938056,1.0,0.0,2.505276680803789,0.0018727978475996168,0.06629515240771502,0.003164181520800855,0.06652974250025309,0.004406961660127978,0.9058417999999999,0.0026130131500044958,0.8413112000000001,0.0035444080572935334,2.550371112991545,0.18476793176978004,0.25062749726044947,0.6132,0.7194,,,,
0.0,0.2,5,M5 dataset 1 only,0.962,0.922,0.9762,0.0021558389383962945,0.9764,0.002146981580261274,0.9998,0.00019999999999999998,1.0,0.0,2.591931522469943,8.686581747771015e-05,-0.0007538616443302245,0.0014130696245767621,0.19924613835566996,0.001413069624576762,1.0,0.0,1.0,0.0,2.5920421962195053,0.0,0.0,0.0,0.0,,,,
0.0,0.2,5,M5 dataset 2 only,0.962,0.922,0.946,0.0031966926296961603,0.9738,0.002259144250938684,0.9722,0.0023251910249827926,1.0,0.0,3.9600434990116615,0.0008682835932015951,-0.0070214319608688245,0.007103565670554049,-0.0070214319608688245,0.007103565670554049,0.0,0.0,0.0,0.0,3.9596778066437563,0.0,0.0,0.0,0.0,,,,
0.0,0.5,5,M1 intersection,0.962,0.85,0.9298,0.0036134475782388406,0.9576,0.002849924984009736,0.9722,0.0023251910249827926,1.0,0.0,3.1961178731897473,0.008609530218148649,0.19970790634607957,0.004204817366568263,-0.05062954191662792,0.006136626062891866,0.5004,0.007071772761761989,0.155,0.005118617005403861,3.0429954735498055,0.5000498474852222,0.36194087948178494,0.0,0.0,,,,
0.0,0.5,5,M2 convex (oracle),0.962,0.85,0.9756,0.0021821733148572812,0.9756,0.0021821733148572812,1.0,0.0,1.0,0.0,2.838659512456659,0.0008168686498598916,-0.0009920293163586571,0.0013819821097309831,0.4233060028081891,0.0015937569719150198,0.962,0.0,0.8499999999999999,1.570249491484956e-18,2.8390370976138826,0.0,1.1103340635837404e-16,1.0,1.0,0.9756,0.0021821733148572812,0.972,0.0023332999930938056
0.0,0.5,5,M3 convex (split),0.962,0.85,0.9638,0.0026418379703479766,0.972,0.0023332999930938056,0.9914,0.0013059667338113801,0.9998,0.00019999999999999998,3.1760028826306805,0.006970855814318256,0.00041274400878528044,0.003339245328650266,0.33376401462862704,0.0054325140280040264,0.8323309999999999,0.0042590220546003645,0.6759542000000001,0.005589780320305786,2.989756656351228,0.301158337603098,0.3952571569831333,0.4996,0.5562,,,,
0.0,0.5,5,M4 convex (plug-in),0.962,0.85,0.9098,0.004051675605850375,0.9376,0.003421050820689974,0.9722,0.0023251910249827926,1.0,0.0,2.737629517234581,0.002775684646829485,0.06629515240771505,0.0031641815208008546,0.1939853994792487,0.006573584072075279,0.9058417999999999,0.0026130131500044958,0.6964372,0.004929041519534225,2.8202836466100374,0.18476793176978004,0.3485358683212695,0.6132,0.7452,,,,
0.0,0.5,5,M5 dataset 1 only,0.962,0.85,0.9764,0.002146981580261274,0.9764,0.002146981580261274,1.0,0.0,1.0,0.0,2.8919315224699433,8.686581747771016e-05,-0.0007538616443301885,0.001413069624576762,0.4992461383556698,0.001413069624576762,1.0,0.0,1.0,0.0,2.892042196219505,0.0,0.0,0.0,0.0,,,,
0.0,0.5,5,M5 dataset 2 only,0.962,0.85,0.946,0.0031966926296961603,0.9738,0.002259144250938684,0.9722,0.0023251910249827926,1.0,0.0,3.9600434990116615,0.0008682835932015951,-0.0070214319608688245,0.007103565670554049,-0.0070214319608688245,0.007103565670554049,0.0,0.0,0.0,0.0,3.9596778066437563,0.0,0.0,0.0,0.0,,,,
0.0,1.0,5,M1 intersection,0.962,0.0,0.9298,0.0036134475782388406,0.9576,0.002849924984009736,0.9722,0.0023251910249827926,1.0,0.0,3.334269947653526,0.008997175606563908,0.19970790634607957,0.004204817366568262,-0.012551951846475338,0.006922917998584474,0.5004,0.007071772761761989,0.027,0.002292433434193901,3.144923795610083,0.5000498474852222,0.16209952267372724,0.0,0.0,,,,
0.0,1.0,5,M2 convex (oracle),0.962,0.0,0.9478,0.0031459515893097357,0.9756,0.0021821733148572812,0.9722,0.0023251910249827926,1.0,0.0,3.1661587928417867,0.007003247062192344,-0.000992029316358656,0.0013819821097309831,-0.0070214319608688245,0.007103565670554049,0.962,0.0,0.0,0.0,3.168342428401462,0.0,0.0,1.0,0.0,0.9756,0.0021821733148572812,0.9722,0.0023251910249827926
0.0,1.0,5,M3 convex (split),0.962,0.0,0.9598,0.0027781892784929946,0.972,0.0023332999930938056,0.9874,0.0015775759091561426,0.9996,0.0002828144211304648,3.501717971258817,0.007924362066671627,0.0004127440087852797,0.003339245328650266,0.4709016464185288,0.008553073804130293,0.8323309999999999,0.0042590220546003645,0.4776812,0.006119304794790524,3.405203228943578,0.301158337603098,0.43270019165437346,0.4996,0.4802,,,,
0.0,1.0,5,M4 convex (plug-in),0.962,0.0,0.9098,0.004051675605850375,0.9376,0.003421050820689974,0.9722,0.0023251910249827926,1.0,0.0,3.004489642622282,0.00473875938484236,0.06629515240771505,0.0031641815208008546,0.18370920580295363,0.00914842511665226,0.9058417999999999,0.0026130131500044958,0.36266240000000005,0.005611498811282937,3.1396510477543913,0.18476793176978004,0.39679288620784153,0.6132,0.4706,,,,
0.0,1.0,5,M5 dataset 1 only,0.962,0.0,0.9764,0.002146981580261274,0.9764,0.002146981580261274,1.0,0.0,1.0,0.0,3.391931522469943,8.68658174777103e-05,-0.0007538616443301876,0.0014130696245767621,0.99924613835567,0.0014130696245767621,1.0,0.0,1.0,0.0,3.3920421962195046,0.0,0.0,0.0,0.0,,,,
0.0,1.0,5,M5 dataset 2 only,0.962,0.0,0.946,0.0031966926296961603,0.9738,0.002259144250938684,0.9722,0.0023251910249827926,1.0,0.0,3.9600434990116615,0.0008682835932015951,-0.0070214319608688245,0.007103565670554049,-0.0070214319608688245,0.007103565670554049,0.0,0.0,0.0,0.0,3.9596778066437563,0.0,0.0,0.0,0.0,,,,
0.05,0.0,5,M1 intersection,0.971,0.962,0.9178,0.0038847973344906957,0.9624,0.002690482436134425,0.9544,0.0029505709911531977,1.0,0.0,2.7606334570944866,0.0044447950562009455,0.1757563664059862,0.003986703823178728,-0.20748319995127854,0.004265802911890796,0.5416,0.007047256257874609,0.4996,0.007071772761761989,2.826885541961885,0.4983162688702469,0.5000498474852222,0.0,0.0,,,,
0.05,0.0,5,M2 convex (oracle),0.971,0.962,0.9488,0.003117315436574589,0.9754,0.0021908737949953025,0.9734,0.0022758567408299136,1.0,0.0,2.3859560405232068,0.00010472512184473036,-0.0023856211835098055,0.0013844439119516337,-0.000992029316358656,0.0013819821097309831,0.971,0.0,0.962,0.0,2.386042913756536,0.0,0.0,1.0,1.0,0.975,0.002208161043728244,0.9734,0.0022758567408299136
0.05,0.0,5,M3 convex (split),0.971,0.962,0.947,0.0031686287320556064,0.9746,0.0022252996184061002,0.972,0.002333299993093806,0.9998,0.00019999999999999998,2.70168212635651,0.006748601891551204,-0.008088765383956953,0.0032462547512743917,-0.0028962543080519,0.0033837328624105943,0.8439130000000001,0.004120643511247892,0.8311238000000001,0.004268592952235007,2.5069275650909892,0.291373496965573,0.3018351022650478,0.4856,0.495,,,,
0.05,0.0,5,M4 convex (plug-in),0.971,0.962,0.882,0.004562824111531646,0.9452,0.0032189228466769078,0.9358,0.003466709623709927,1.0,0.0,2.3350058491269348,0.0014266570008056188,0.055145107267059526,0.0028985879373457546,-0.07096135585535326,0.003226197954135325,0.9180218000000001,0.002378215063094435,0.9026348,0.0026659578526387864,2.365259329179392,0.1681651998234068,0.18851168759584125,0.5862,0.6236,,,,
0.05,0.0,5,M5 dataset 1 only,0.971,0.962,0.949,0.0031115488662833905,0.9764,0.002146981580261274,0.9726,0.002308877255905252,1.0,0.0,2.391931522469943,8.68658174777102e-05,-0.0007538616443301903,0.0014130696245767621,-0.0007538616443301884,0.001413069624576762,1.0,0.0,1.0,0.0,2.392042196219505,0.0,0.0,0.0,0.0,,,,
0.05,0.0,5,M5 dataset 2 only,0.971,0.962,0.951,0.003053140077504891,0.9788,0.002037386116679332,0.9722,0.0023251910249827926,1.0,0.0,4.010043499011661,0.0008682835932015951,-0.0570214319608686,0.007103565670554049,-0.007021431960868776,0.007103565670554049,0.0,0.0,0.0,0.0,4.009677806643756,0.0,0.0,0.0,0.0,,,,
0.05,0.05,5,M1 intersection,0.971,0.9520000000000001,0.929,0.003632415021411726,0.9624,0.002690482436134425,0.9662,0.0025559379029453633,1.0,0.0,2.816699484323631,0.004481083086859544,0.17575636640598621,0.003986703823178727,-0.18353166001118515,0.0044861175915927465,0.5416,0.007047256257874609,0.4584,0.007047256257874609,2.884575418959942,0.4983162688702469,0.4983162688702469,0.0,0.0,,,,
0.05,0.05,5,M2 convex (oracle),0.971,0.9520000000000001,0.966,0.0025632233657651767,0.9754,0.0021908737949953025,0.9906,0.0013648078766288028,1.0,0.0,2.4337322389655185,0.00015945776185478458,-0.002385621183509774,0.0013844439119516337,0.04654529498047582,0.0013828705409740232,0.971,0.0,0.952,1.570249491484956e-18,2.4337240539042764,0.0,1.1103340635837404e-16,1.0,1.0,0.975,0.002208161043728244,0.9734,0.002275856740829914
0.05,0.05,5,M3 convex (split),0.971,0.9520000000000001,0.9588,0.002811066064411098,0.9746,0.0022252996184061002,0.9836,0.001796344446556432,0.9998,0.00019999999999999998,2.753014321707334,0.006764229540361289,-0.008088765383956925,0.0032462547512743917,0.03773999657020417,0.0035054128026777067,0.8439130000000001,0.004120643511247892,0.8183796,0.004413608433997031,2.5579634029108838,0.291373496965573,0.31208924531814397,0.4856,0.5082,,,,
0.05,0.05,5,M4 convex (plug-in),0.971,0.9520000000000001,0.9032,0.004182038963230494,0.9452,0.0032189228466769078,0.9576,0.002849924984009736,1.0,0.0,2.3798030868493596,0.0015112587377076614,0.055145107267059554,0.0028985879373457546,-0.03416028390694237,0.0035061800532337536,0.9180218000000001,0.002378215063094435,0.8888932,0.0028989899874510548,2.412831800941845,0.1681651998234068,0.20498954787185453,0.5862,0.6504,,,,
0.05,0.05,5,M5 dataset 1 only,0.971,0.9520000000000001,0.9678,0.0024967736733142536,0.9764,0.002146981580261274,0.9914,0.0013059667338113804,1.0,0.0,2.4419315224699427,8.686581747771027e-05,-0.0007538616443301572,0.0014130696245767621,0.04924613835566967,0.0014130696245767621,1.0,0.0,1.0,0.0,2.442042196219505,0.0,0.0,0.0,0.0,,,,
0.05,0.05,5,M5 dataset 2 only,0.971,0.9520000000000001,0.951,0.003053140077504891,0.9788,0.002037386116679332,0.9722,0.0023251910249827926,1.0,0.0,4.010043499011661,0.0008682835932015951,-0.0570214319608686,0.007103565670554049,-0.007021431960868776,0.007103565670554049,0.0,0.0,0.0,0.0,4.009677806643756,0.0,0.0,0.0,0.0,,,,
0.05,0.1,5,M1 intersection,0.971,0.9420000000000001,0.9334,0.0035263827181709873,0.9624,0.002690482436134425,0.9708,0.0023813034500508837,1.0,0.0,2.8665074214272144,0.005366808417280097,0.17575636640598605,0.003986703823178729,-0.16146739654092757,0.004704538887634395,0.5416,0.007047256257874609,0.423,0.006987414743162065,2.90780730164593,0.4983162688702469,0.49408483478527543,0.0,0.0,,,,
0.05,0.1,5,M2 convex (oracle),0.971,0.9420000000000001,0.9734,0.0022758567408299136,0.9754,0.0021908737949953025,0.998,0.0006318859517121696,1.0,0.0,2.481026331882086,0.00022460754409134713,-0.0023856211835100206,0.0013844439119516337,0.09308261927731046,0.0013875656208122084,0.971,0.0,0.942,1.570249491484956e-18,2.4810212752723717,0.0,1.1103340635837404e-16,1.0,1.0,0.975,0.002208161043728244,0.9722,0.0023251910249827926
0.05,0.1,5,M3 convex (split),0.971,0.9420000000000001,0.9656,0.0025777232068991186,0.9746,0.0022252996184061002,0.9906,0.0013648078766288028,0.9998,0.00019999999999999998,2.8037191493511258,0.00677809702630105,-0.008088765383957142,0.0032462547512743917,0.07684078718714725,0.0036634465910476664,0.8439130000000001,0.004120643511247892,0.8047684,0.004563357268305829,2.606096439694201,0.291373496965573,0.3226780869395971,0.4856,0.521,,,,
0.05,0.1,5,M4 convex (plug-in),0.971,0.9420000000000001,0.9134,0.00397784522707082,0.9452,0.0032189228466769078,0.968,0.0024892648087050866,1.0,0.0,2.4238861361489876,0.0016074348378047581,0.055145107267059325,0.0028985879373457546,0.001166208171674652,0.0037960769442324954,0.9180218000000001,0.002378215063094435,0.8742136,0.003119393357367999,2.459966933524643,0.1681651998234068,0.22057441961831836,0.5862,0.6758,,,,
0.05,0.1,5,M5 dataset 1 only,0.971,0.9420000000000001,0.9742,0.002242292928124045,0.9764,0.002146981580261274,0.9978,0.000662661168294018,1.0,0.0,2.491931522469943,8.686581747771017e-05,-0.0007538616443304115,0.001413069624576762,0.09924613835566967,0.001413069624576762,1.0,0.0,1.0,0.0,2.4920421962195047,0.0,0.0,0.0,0.0,,,,
0.05,0.1,5,M5 dataset 2 only,0.971,0.9420000000000001,0.951,0.003053140077504891,0.9788,0.002037386116679332,0.9722,0.0023251910249827926,1.0,0.0,4.010043499011661,0.0008682835932015951,-0.0570214319608686,0.007103565670554049,-0.007021431960868776,0.007103565670554049,0.0,0.0,0.0,0.0,4.009677806643756,0.0,0.0,0.0,0.0,,,,
0.05,0.2,5,M1 intersection,0.971,0.922,0.9344,0.003501682503607546,0.9624,0.002690482436134425,0.972,0.0023332999930938056,1.0,0.0,2.969542442005225,0.006808975129109981,0.17575636640598616,0.003986703823178728,-0.12338471025493258,0.00512146442819245,0.5416,0.007047256257874609,0.3402,0.006700878476324645,2.951082175791686,0.4983162688702469,0.47382366105161366,0.0,0.0,,,,
0.05,0.2,5,M2 convex (oracle),0.971,0.922,0.9752,0.0021995362220064447,0.9754,0.0021908737949953025,0.9998,0.00019999999999999998,1.0,0.0,2.574139788670719,0.00036361464815529957,-0.0023856211835098385,0.0013844439119516337,0.18315726787097994,0.0014081925658300481,0.971,0.0,0.922,0.0,2.5742595507094266,0.0,0.0,1.0,1.0,0.975,0.002208161043728244,0.9734,0.002275856740829914
0.05,0.2,5,M3 convex (split),0.971,0.922,0.9686,0.0024665816031424932,0.9746,0.0022252996184061002,0.9936,0.0011278574433333745,0.9998,0.00019999999999999998,2.904402821220825,0.006841879882038302,-0.008088765383956987,0.0032462547512743917,0.15162616639232523,0.003995976388739964,0.8439130000000001,0.004120643511247892,0.7749812,0.004865191304213774,2.704516882755814,0.291373496965573,0.34402097629793826,0.4856,0.5362,,,,
0.05,0.2,5,M4 convex (plug-in),0.971,0.922,0.9172,0.003897674995952691,0.9452,0.0032189228466769078,0.972,0.0023332999930938056,1.0,0.0,2.509675446960365,0.001834315605415962,0.0551451072670595,0.0028985879373457546,0.06652974250025309,0.004406961660127978,0.9180218000000001,0.002378215063094435,0.8413112000000001,0.0035444080572935334,2.553110048199743,0.1681651998234068,0.25062749726044947,0.5862,0.7194,,,,
0.05,0.2,5,M5 dataset 1 only,0.971,0.922,0.9762,0.0021558389383962945,0.9764,0.002146981580261274,0.9998,0.00019999999999999998,1.0,0.0,2.591931522469943,8.686581747771015e-05,-0.0007538616443302245,0.0014130696245767621,0.19924613835566996,0.001413069624576762,1.0,0.0,1.0,0.0,2.5920421962195053,0.0,0.0,0.0,0.0,,,,
0.05,0.2,5,M5 dataset 2 only,0.971,0.922,0.951,0.003053140077504891,0.9788,0.002037386116679332,0.9722,0.0023251910249827926,1.0,0.0,4.010043499011661,0.0008682835932015951,-0.0570214319608686,0.007103565670554049,-0.007021431960868776,0.007103565670554049,0.0,0.0,0.0,0.0,4.009677806643756,0.0,0.0,0.0,0.0,,,,
0.05,0.5,5,M1 intersection,0.971,0.85,0.9346,0.003496714658458785,0.9624,0.002690482436134425,0.9722,0.0023251910249827926,1.0,0.0,3.1879549258407898,0.008564507736460059,0.1757563664059862,0.003986703823178728,-0.05062954191662788,0.006136626062891865,0.5416,0.007047256257874609,0.155,0.005118617005403861,3.058170675838798,0.4983162688702469,0.36194087948178494,0.0,0.0,,,,
0.05,0.5,5,M2 convex (oracle),0.971,0.85,0.9754,0.0021908737949953025,0.9754,0.0021908737949953025,1.0,0.0,1.0,0.0,2.8402826610189336,0.0008818901969638223,-0.002385621183509804,0.0013844439119516337,0.4233060028081891,0.0015937569719150198,0.971,0.0,0.8499999999999999,1.570249491484956e-18,2.8407519636331697,0.0,1.1103340635837404e-16,1.0,1.0,0.975,0.002208161043728244,0.972,0.0023332999930938056
0.05,0.5,5,M3 convex (split),0.971,0.85,0.9664,0.002548628474576136,0.9746,0.0022252996184061002,0.9914,0.0013059667338113801,0.9998,0.00019999999999999998,3.1751110240004348,0.006985902734753277,-0.008088765383956953,0.0032462547512743917,0.33376401462862704,0.005432514028004026,0.8439130000000001,0.004120643511247892,0.6759542000000001,0.005589780320305786,2.9895212834797418,0.291373496965573,0.3952571569831333,0.4856,0.5562,,,,
0.05,0.5,5,M4 convex (plug-in),0.971,0.85,0.9174,0.0038933892299562326,0.9452,0.0032189228466769078,0.9722,0.0023251910249827926,1.0,0.0,2.742028283391157,0.0027694879213577533,0.055145107267059526,0.0028985879373457546,0.1939853994792487,0.006573584072075279,0.9180218000000001,0.002378215063094435,0.6964372,0.004929041519534225,2.8227364468215743,0.1681651998234068,0.3485358683212695,0.5862,0.7452,,,,
0.05,0.5,5,M5 dataset 1 only,0.971,0.85,0.9764,0.002146981580261274,0.9764,0.002146981580261274,1.0,0.0,1.0,0.0,2.8919315224699433,8.686581747771016e-05,-0.0007538616443301885,0.001413069624576762,0.4992461383556698,0.001413069624576762,1.0,0.0,1.0,0.0,2.892042196219505,0.0,0.0,0.0,0.0,,,,
0.05,0.5,5,M5 dataset 2 only,0.971,0.85,0.951,0.003053140077504891,0.9788,0.002037386116679332,0.9722,0.0023251910249827926,1.0,0.0,4.010043499011661,0.0008682835932015951,-0.0570214319608686,0.007103565670554049,-0.007021431960868776,0.007103565670554049,0.0,0.0,0.0,0.0,4.009677806643756,0.0,0.0,0.0,0.0,,,,
0.05,1.0,5,M1 intersection,0.971,0.0,0.9346,0.003496714658458785,0.9624,0.002690482436134425,0.9722,0.0023251910249827926,1.0,0.0,3.3261070003045687,0.00913185231891264,0.1757563664059862,0.003986703823178728,-0.012551951846475291,0.006922917998584474,0.5416,0.007047256257874609,0.027,0.002292433434193901,3.146546448646336,0.4983162688702469,0.16209952267372724,0.0,0.0,,,,
0.05,1.0,5,M2 convex (oracle),0.971,0.0,0.9476,0.0031516399805360676,0.9754,0.0021908737949953025,0.9722,0.0023251910249827926,1.0,0.0,3.167781941404061,0.007068390210634717,-0.002385621183509804,0.0013844439119516337,-0.007021431960868776,0.007103565670554049,0.971,0.0,0.0,0.0,3.169856328012158,0.0,0.0,1.0,0.0,0.975,0.002208161043728244,0.9722,0.0023251910249827926
0.05,1.0,5,M3 convex (split),0.971,0.0,0.9624,0.002690482436134425,0.9746,0.0022252996184061002,0.9874,0.0015775759091561426,0.9996,0.0002828144211304648,3.500826112628572,0.007944872522976605,-0.008088765383956954,0.0032462547512743917,0.4709016464185289,0.008553073804130293,0.8439130000000001,0.004120643511247892,0.4776812,0.006119304794790524,3.4071607577981267,0.291373496965573,0.43270019165437346,0.4856,0.4802,,,,
0.05,1.0,5,M4 convex (plug-in),0.971,0.0,0.9174,0.0038933892299562326,0.9452,0.0032189228466769078,0.9722,0.0023251910249827926,1.0,0.0,3.008888408778858,0.0047712060838092174,0.055145107267059526,0.0028985879373457546,0.18370920580295363,0.00914842511665226,0.9180218000000001,0.002378215063094435,0.36266240000000005,0.005611498811282937,3.1446006974958856,0.1681651998234068,0.39679288620784153,0.5862,0.4706,,,,
0.05,1.0,5,M5 dataset 1 only,0.971,0.0,0.9764,0.002146981580261274,0.9764,0.002146981580261274,1.0,0.0,1.0,0.0,3.391931522469943,8.68658174777103e-05,-0.0007538616443301876,0.0014130696245767621,0.99924613835567,0.0014130696245767621,1.0,0.0,1.0,0.0,3.3920421962195046,0.0,0.0,0.0,0.0,,,,
0.05,1.0,5,M5 dataset 2 only,0.971,0.0,0.951,0.003053140077504891,0.9788,0.002037386116679332,0.9722,0.0023251910249827926,1.0,0.0,4.010043499011661,0.0008682835932015951,-0.0570214319608686,0.007103565670554049,-0.007021431960868776,0.007103565670554049,0.0,0.0,0.0,0.0,4.009677806643756,0.0,0.0,0.0,0.0,,,,
0.1,0.0,5,M1 intersection,0.981,0.962,0.9236,0.0037570508495650204,0.9686,0.002466581603142493,0.9544,0.0029505709911531977,1.0,0.0,2.7549540469314184,0.004455054583654589,0.15369210293572838,0.003770284016805775,-0.20748319995127867,0.004265802911890796,0.577,0.006987414743162066,0.4996,0.007071772761761989,2.822857130110865,0.49408483478527554,0.5000498474852222,0.0,0.0,,,,
0.1,0.0,5,M2 convex (oracle),0.981,0.962,0.95,0.0030825152684254486,0.9766,0.0021380837870523437,0.9734,0.0022758567408299136,1.0,0.0,2.3870905302096177,0.00016013013256355456,-0.0027729454803444306,0.0013907823464121018,-0.0009920293163586673,0.0013819821097309831,0.981,0.0,0.962,0.0,2.3871038380626253,0.0,0.0,1.0,1.0,0.9746,0.0022252996184061002,0.9734,0.0022758567408299136
0.1,0.0,5,M3 convex (split),0.981,0.962,0.9476,0.0031516399805360676,0.9752,0.0021995362220064447,0.972,0.002333299993093806,0.9998,0.00019999999999999998,2.6993849703073973,0.006734453207289594,-0.015360632747662669,0.003162086197786507,-0.002896254308051943,0.0033837328624105943,0.8555052,0.003962960656633523,0.8311238000000001,0.004268592952235007,2.506449740108156,0.28022363538810574,0.3018351022650478,0.4738,0.495,,,,
0.1,0.0,5,M4 convex (plug-in),0.981,0.962,0.8896,0.004432414382642025,0.9532,0.0029872624168876542,0.9358,0.003466709623709927,1.0,0.0,2.3388316956764728,0.0013730312171937504,0.04586305229964754,0.0026744695318934317,-0.07096135585535329,0.003226197954135326,0.9286409999999999,0.0021797319720768464,0.9026348,0.0026659578526387864,2.367902984197258,0.15413032586246644,0.18851168759584125,0.5524,0.6236,,,,
0.1,0.0,5,M5 dataset 1 only,0.981,0.962,0.949,0.0031115488662833905,0.9764,0.002146981580261274,0.9726,0.002308877255905252,1.0,0.0,2.391931522469943,8.68658174777102e-05,-0.0007538616443301903,0.0014130696245767621,-0.0007538616443301884,0.001413069624576762,1.0,0.0,1.0,0.0,2.392042196219505,0.0,0.0,0.0,0.0,,,,
0.1,0.0,5,M5 dataset 2 only,0.981,0.962,0.9578,0.002843492410719248,0.9856,0.0016849616669716355,0.9722,0.0023251910249827926,1.0,0.0,4.060043499011662,0.0008682835932015949,-0.10702143196086908,0.007103565670554049,-0.007021431960869018,0.007103565670554049,0.0,0.0,0.0,0.0,4.059677806643756,0.0,0.0,0.0,0.0,,,,
0.1,0.05,5,M1 intersection,0.981,0.9520000000000001,0.935,0.0034867508494725087,0.9686,0.002466581603142493,0.9662,0.0025559379029453633,1.0,0.0,2.811020074160563,0.0044927939216480636,0.1536921029357284,0.003770284016805775,-0.18353166001118526,0.004486117591592747,0.577,0.006987414743162066,0.4584,0.007047256257874609,2.877767014208274,0.49408483478527554,0.4983162688702469,0.0,0.0,,,,
0.1,0.05,5,M2 convex (oracle),0.981,0.9520000000000001,0.9672,0.002519146923115849,0.9766,0.0021380837870523437,0.9906,0.0013648078766288028,1.0,0.0,2.4348667286519303,0.00022505136191154417,-0.0027729454803443977,0.001390782346412102,0.04654529498047581,0.0013828705409740232,0.981,0.0,0.952,1.570249491484956e-18,2.4348615627218946,0.0,1.1103340635837404e-16,1.0,1.0,0.9746,0.0022252996184061002,0.9734,0.002275856740829914
0.1,0.05,5,M3 convex (split),0.981,0.9520000000000001,0.9594,0.002791395059334213,0.9752,0.0021995362220064447,0.9836,0.001796344446556432,0.9998,0.00019999999999999998,2.750717165658221,0.006750329458613213,-0.015360632747662643,0.003162086197786507,0.03773999657020413,0.0035054128026777067,0.8555052,0.003962960656633523,0.8183796,0.004413608433997031,2.5566411292416764,0.28022363538810574,0.31208924531814397,0.4738,0.5082,,,,
0.1,0.05,5,M4 convex (plug-in),0.981,0.9520000000000001,0.911,0.004027287400814815,0.9532,0.0029872624168876542,0.9576,0.002849924984009736,1.0,0.0,2.3836289333988976,0.001463394721782815,0.04586305229964757,0.0026744695318934317,-0.034160283906942396,0.0035061800532337536,0.9286409999999999,0.0021797319720768464,0.8888932,0.0028989899874510548,2.4152387387894882,0.15413032586246644,0.20498954787185453,0.5524,0.6504,,,,
0.1,0.05,5,M5 dataset 1 only,0.981,0.9520000000000001,0.9678,0.0024967736733142536,0.9764,0.002146981580261274,0.9914,0.0013059667338113804,1.0,0.0,2.4419315224699427,8.686581747771027e-05,-0.0007538616443301572,0.0014130696245767621,0.04924613835566967,0.0014130696245767621,1.0,0.0,1.0,0.0,2.442042196219505,0.0,0.0,0.0,0.0,,,,
0.1,0.05,5,M5 dataset 2 only,0.981,0.9520000000000001,0.9578,0.002843492410719248,0.9856,0.0016849616669716355,0.9722,0.0023251910249827926,1.0,0.0,4.060043499011662,0.0008682835932015949,-0.10702143196086908,0.007103565670554049,-0.007021431960869018,0.007103565670554049,0.0,0.0,0.0,0.0,4.059677806643756,0.0,0.0,0.0,0.0,,,,
0.1,0.1,5,M1 intersection,0.981,0.9420000000000001,0.9396,0.003369367674758209,0.9686,0.002466581603142493,0.9708,0.0023813034500508837,1.0,0.0,2.860828011264146,0.004554693393223281,0.15369210293572827,0.0037702840168057756,-0.1614673965409277,0.004704538887634397,0.577,0.006987414743162066,0.423,0.006987414743162065,2.9289432142733047,0.49408483478527554,0.49408483478527543,0.0,0.0,,,,
0.1,0.1,5,M2 convex (oracle),0.981,0.9420000000000001,0.9746,0.0022252996184061002,0.9766,0.0021380837870523437,0.998,0.0006318859517121696,1.0,0.0,2.482160821568497,0.00029362649557112847,-0.002772945480344647,0.001390782346412102,0.09308261927731043,0.0013875656208122084,0.981,0.0,0.942,1.570249491484956e-18,2.4821178059087248,0.0,1.1103340635837404e-16,1.0,1.0,0.9746,0.0022252996184061002,0.9722,0.0023251910249827926
0.1,0.1,5,M3 convex (split),0.981,0.9420000000000001,0.9662,0.0025559379029453633,0.9752,0.0021995362220064447,0.9906,0.0013648078766288028,0.9998,0.00019999999999999998,2.8014219933020135,0.006764416253304549,-0.01536063274766286,0.003162086197786507,0.07684078718714721,0.0036634465910476673,0.8555052,0.003962960656633523,0.8047684,0.004563357268305829,2.60575454314478,0.28022363538810574,0.3226780869395971,0.4738,0.521,,,,
0.1,0.1,5,M4 convex (plug-in),0.981,0.9420000000000001,0.9214,0.0038062193133202686,0.9532,0.0029872624168876542,0.968,0.0024892648087050866,1.0,0.0,2.427711982698525,0.0015653171930791621,0.04586305229964733,0.002674469531893432,0.0011662081716746228,0.003796076944232497,0.9286409999999999,0.0021797319720768464,0.8742136,0.003119393357367999,2.4622230522658612,0.15413032586246644,0.22057441961831836,0.5524,0.6758,,,,
0.1,0.1,5,M5 dataset 1 only,0.981,0.9420000000000001,0.9742,0.002242292928124045,0.9764,0.002146981580261274,0.9978,0.000662661168294018,1.0,0.0,2.491931522469943,8.686581747771017e-05,-0.0007538616443304115,0.001413069624576762,0.09924613835566967,0.001413069624576762,1.0,0.0,1.0,0.0,2.4920421962195047,0.0,0.0,0.0,0.0,,,,
0.1,0.1,5,M5 dataset 2 only,0.981,0.9420000000000001,0.9578,0.002843492410719248,0.9856,0.0016849616669716355,0.9722,0.0023251910249827926,1.0,0.0,4.060043499011662,0.0008682835932015949,-0.10702143196086908,0.007103565670554049,-0.007021431960869018,0.007103565670554049,0.0,0.0,0.0,0.0,4.059677806643756,0.0,0.0,0.0,0.0,,,,
0.1,0.2,5,M1 intersection,0.981,0.922,0.9406,0.0033431367475265697,0.9686,0.002466581603142493,0.972,0.0023332999930938056,1.0,0.0,2.9638630318421564,0.006371810758507651,0.15369210293572838,0.003770284016805775,-0.12338471025493275,0.005121464428192451,0.577,0.006987414743162066,0.3402,0.006700878476324645,2.9702544985923507,0.49408483478527554,0.47382366105161366,0.0,0.0,,,,
0.1,0.2,5,M2 convex (oracle),0.981,0.922,0.9764,0.002146981580261274,0.9766,0.0021380837870523437,0.9998,0.00019999999999999998,1.0,0.0,2.57527427835713,0.0004348283971526159,-0.002772945480344464,0.001390782346412102,0.1831572678709799,0.0014081925658300481,0.981,0.0,0.922,0.0,2.575322463893502,0.0,0.0,1.0,1.0,0.9746,0.0022252996184061002,0.9734,0.002275856740829914
0.1,0.2,5,M3 convex (split),0.981,0.922,0.9692,0.0024436583830925824,0.9752,0.0021995362220064447,0.9936,0.0011278574433333745,0.9998,0.00019999999999999998,2.9021056651717125,0.006828704166531799,-0.015360632747662703,0.003162086197786507,0.1516261663923252,0.003995976388739964,0.8555052,0.003962960656633523,0.7749812,0.004865191304213774,2.704593691175785,0.28022363538810574,0.34402097629793826,0.4738,0.5362,,,,
0.1,0.2,5,M4 convex (plug-in),0.981,0.922,0.9252,0.0037207204614362567,0.9532,0.0029872624168876542,0.972,0.0023332999930938056,1.0,0.0,2.513501293509903,0.0018032793817353253,0.04586305229964751,0.0026744695318934317,0.06652974250025306,0.004406961660127978,0.9286409999999999,0.0021797319720768464,0.8413112000000001,0.0035444080572935334,2.5555661550839206,0.15413032586246644,0.25062749726044947,0.5524,0.7194,,,,
0.1,0.2,5,M5 dataset 1 only,0.981,0.922,0.9762,0.0021558389383962945,0.9764,0.002146981580261274,0.9998,0.00019999999999999998,1.0,0.0,2.591931522469943,8.686581747771015e-05,-0.0007538616443302245,0.0014130696245767621,0.19924613835566996,0.001413069624576762,1.0,0.0,1.0,0.0,2.5920421962195053,0.0,0.0,0.0,0.0,,,,
0.1,0.2,5,M5 dataset 2 only,0.981,0.922,0.9578,0.002843492410719248,0.9856,0.0016849616669716355,0.9722,0.0023251910249827926,1.0,0.0,4.060043499011662,0.0008682835932015949,-0.10702143196086908,0.007103565670554049,-0.007021431960869018,0.007103565670554049,0.0,0.0,0.0,0.0,4.059677806643756,0.0,0.0,0.0,0.0,,,,
0.1,0.5,5,M1 intersection,0.981,0.85,0.9408,0.0033378586339226552,0.9686,0.002466581603142493,0.9722,0.0023251910249827926,1.0,0.0,3.1822755156777216,0.008511993138568881,0.15369210293572838,0.003770284016805775,-0.05062954191662808,0.006136626062891866,0.577,0.006987414743162066,0.155,0.005118617005403861,3.0730635914364166,0.49408483478527554,0.36194087948178494,0.0,0.0,,,,
0.1,0.5,5,M2 convex (oracle),0.981,0.85,0.9766,0.0021380837870523437,0.9766,0.0021380837870523437,1.0,0.0,1.0,0.0,2.841417150705345,0.0009542080157967141,-0.002772945480344429,0.0013907823464121018,0.4233060028081889,0.0015937569719150198,0.981,0.0,0.8499999999999999,1.570249491484956e-18,2.84195344073668,0.0,1.1103340635837404e-16,1.0,1.0,0.9746,0.0022252996184061002,0.972,0.0023332999930938056
0.1,0.5,5,M3 convex (split),0.981,0.85,0.967,0.0025265543127625553,0.9752,0.0021995362220064447,0.9914,0.0013059667338113801,0.9998,0.00019999999999999998,3.1728138679513225,0.006972473677070676,-0.015360632747662669,0.003162086197786507,0.333764014628627,0.0054325140280040264,0.8555052,0.003962960656633523,0.6759542000000001,0.005589780320305786,2.9900467164237328,0.28022363538810574,0.3952571569831333,0.4738,0.5562,,,,
0.1,0.5,5,M4 convex (plug-in),0.981,0.85,0.9254,0.0037161445001492066,0.9532,0.0029872624168876542,0.9722,0.0023251910249827926,1.0,0.0,2.7458541299406947,0.002766257604058125,0.04586305229964754,0.0026744695318934317,0.1939853994792486,0.006573584072075281,0.9286409999999999,0.0021797319720768464,0.6964372,0.004929041519534225,2.825697780380411,0.15413032586246644,0.3485358683212695,0.5524,0.7452,,,,
0.1,0.5,5,M5 dataset 1 only,0.981,0.85,0.9764,0.002146981580261274,0.9764,0.002146981580261274,1.0,0.0,1.0,0.0,2.8919315224699433,8.686581747771016e-05,-0.0007538616443301885,0.001413069624576762,0.4992461383556698,0.001413069624576762,1.0,0.0,1.0,0.0,2.892042196219505,0.0,0.0,0.0,0.0,,,,
0.1,0.5,5,M5 dataset 2 only,0.981,0.85,0.9578,0.002843492410719248,0.9856,0.0016849616669716355,0.9722,0.0023251910249827926,1.0,0.0,4.060043499011662,0.0008682835932015949,-0.10702143196086908,0.007103565670554049,-0.007021431960869018,0.007103565670554049,0.0,0.0,0.0,0.0,4.059677806643756,0.0,0.0,0.0,0.0,,,,
0.1,1.0,5,M1 intersection,0.981,0.0,0.9408,0.0033378586339226552,0.9686,0.002466581603142493,0.9722,0.0023251910249827926,1.0,0.0,3.3204275901415006,0.009250484695752457,0.15369210293572838,0.003770284016805775,-0.012551951846475529,0.006922917998584474,0.577,0.006987414743162066,0.027,0.002292433434193901,3.1502304764959477,0.49408483478527554,0.16209952267372724,0.0,0.0,,,,
0.1,1.0,5,M2 convex (oracle),0.981,0.0,0.9488,0.003117315436574589,0.9766,0.0021380837870523437,0.9722,0.0023251910249827926,1.0,0.0,3.168916431090472,0.007140805662465022,-0.002772945480344428,0.001390782346412102,-0.007021431960869018,0.007103565670554049,0.981,0.0,0.0,0.0,3.1709703742533932,0.0,0.0,1.0,0.0,0.9746,0.0022252996184061002,0.9722,0.0023251910249827926
0.1,1.0,5,M3 convex (split),0.981,0.0,0.963,0.0026697613236214618,0.9752,0.0021995362220064447,0.9874,0.0015775759091561426,0.9996,0.0002828144211304648,3.49852895657946,0.007932193384179826,-0.015360632747662672,0.003162086197786507,0.4709016464185288,0.008553073804130295,0.8555052,0.003962960656633523,0.4776812,0.006119304794790524,3.4088026546118826,0.28022363538810574,0.43270019165437346,0.4738,0.4802,,,,
0.1,1.0,5,M4 convex (plug-in),0.981,0.0,0.9254,0.0037161445001492066,0.9532,0.0029872624168876542,0.9722,0.0023251910249827926,1.0,0.0,3.012714255328396,0.004800955360569206,0.04586305229964754,0.0026744695318934317,0.18370920580295352,0.009148425116652262,0.9286409999999999,0.0021797319720768464,0.36266240000000005,0.005611498811282937,3.1495479120952243,0.15413032586246644,0.39679288620784153,0.5524,0.4706,,,,
0.1,1.0,5,M5 dataset 1 only,0.981,0.0,0.9764,0.002146981580261274,0.9764,0.002146981580261274,1.0,0.0,1.0,0.0,3.391931522469943,8.68658174777103e-05,-0.0007538616443301876,0.0014130696245767621,0.99924613835567,0.0014130696245767621,1.0,0.0,1.0,0.0,3.3920421962195046,0.0,0.0,0.0,0.0,,,,
0.1,1.0,5,M5 dataset 2 only,0.981,0.0,0.9578,0.002843492410719248,0.9856,0.0016849616669716355,0.9722,0.0023251910249827926,1.0,0.0,4.060043499011662,0.0008682835932015949,-0.10702143196086908,0.007103565670554049,-0.007021431960869018,0.007103565670554049,0.0,0.0,0.0,0.0,4.059677806643756,0.0,0.0,0.0,0.0,,,,
0.2,0.0,5,M1 intersection,1.0,0.962,0.9278,0.003660616344607077,0.973,0.0022924334341939004,0.9544,0.0029505709911531977,1.0,0.0,2.7280843989253984,0.004468373868218004,0.11560941664973357,0.00334784345957641,-0.2074831999512786,0.004265802911890796,0.6598,0.006700878476324645,0.4996,0.007071772761761989,2.7825381244228993,0.47382366105161366,0.5000498474852222,0.0,0.0,,,,
0.2,0.0,5,M2 convex (oracle),1.0,0.962,0.9498,0.003088349005523175,0.9764,0.002146981580261274,0.9734,0.0022758567408299136,1.0,0.0,2.3878940395434087,0.0002873130078433295,-0.0007538616443301903,0.0014130696245767621,-0.0009920293163586608,0.0013819821097309831,1.0,0.0,0.962,0.0,2.3878772835550564,0.0,0.0,0.0,1.0,0.9764,0.002146981580261274,0.9734,0.0022758567408299136
0.2,0.0,5,M3 convex (split),1.0,0.962,0.9494,0.003099975801517489,0.9772,0.0021111426727431137,0.972,0.002333299993093806,0.9998,0.00019999999999999998,2.6926278923851354,0.006676389116870128,-0.025735098265249293,0.003050967094640524,-0.002896254308051912,0.0033837328624105943,0.8768351999999999,0.003655853413503912,0.8311238000000001,0.004268592952235007,2.5052372462588064,0.25850787397126035,0.3018351022650478,0.4478,0.495,,,,
0.2,0.0,5,M4 convex (plug-in),1.0,0.962,0.8978,0.00428423889863627,0.9616,0.0027178236353859707,0.9358,0.003466709623709927,1.0,0.0,2.345059555017542,0.001290738024321145,0.03130017271532566,0.002296128360390229,-0.07096135585535328,0.0032261979541353255,0.946406,0.00181556130311512,0.9026348,0.0026659578526387864,2.372002311024819,0.12837957090925864,0.18851168759584125,0.4828,0.6236,,,,
0.2,0.0,5,M5 dataset 1 only,1.0,0.962,0.949,0.0031115488662833905,0.9764,0.002146981580261274,0.9726,0.002308877255905252,1.0,0.0,2.391931522469943,8.68658174777102e-05,-0.0007538616443301903,0.0014130696245767621,-0.0007538616443301884,0.001413069624576762,1.0,0.0,1.0,0.0,2.392042196219505,0.0,0.0,0.0,0.0,,,,
0.2,0.0,5,M5 dataset 2 only,1.0,0.962,0.9636,0.0026488509362092186,0.9914,0.0013059667338113804,0.9722,0.0023251910249827926,1.0,0.0,4.160043499011662,0.0008682835932015953,-0.20702143196086903,0.007103565670554049,-0.007021431960868861,0.007103565670554049,0.0,0.0,0.0,0.0,4.159677806643757,0.0,0.0,0.0,0.0,,,,
0.2,0.05,5,M1 intersection,1.0,0.9520000000000001,0.9394,0.003374582279499527,0.973,0.0022924334341939004,0.9662,0.0025559379029453633,1.0,0.0,2.7841504261545422,0.004513231741643241,0.1156094166497336,0.00334784345957641,-0.18353166001118518,0.004486117591592747,0.6598,0.006700878476324645,0.4584,0.007047256257874609,2.8399951362694864,0.47382366105161366,0.4983162688702469,0.0,0.0,,,,
0.2,0.05,5,M2 convex (oracle),1.0,0.9520000000000001,0.967,0.0025265543127625553,0.9764,0.002146981580261274,0.9906,0.0013648078766288028,1.0,0.0,2.4356702379857214,0.0003572136978607983,-0.0007538616443301572,0.0014130696245767621,0.04654529498047582,0.0013828705409740232,1.0,0.0,0.952,1.570249491484956e-18,2.435821104290136,0.0,1.1103340635837404e-16,0.0,1.0,0.9764,0.002146981580261274,0.9734,0.002275856740829914
0.2,0.05,5,M3 convex (split),1.0,0.9520000000000001,0.9612,0.0027313740279969276,0.9772,0.0021111426727431137,0.9836,0.001796344446556432,0.9998,0.00019999999999999998,2.743960087735959,0.0066928980708148575,-0.02573509826524927,0.003050967094640524,0.037739996570204166,0.0035054128026777067,0.8768351999999999,0.003655853413503912,0.8183796,0.004413608433997031,2.5554332924286722,0.25850787397126035,0.31208924531814397,0.4478,0.5082,,,,
0.2,0.05,5,M4 convex (plug-in),1.0,0.9520000000000001,0.9194,0.0038501548979940673,0.9616,0.0027178236353859707,0.9576,0.002849924984009736,1.0,0.0,2.389856792739967,0.0013910685865260583,0.03130017271532569,0.0022961283603902295,-0.03416028390694238,0.0035061800532337536,0.946406,0.00181556130311512,0.8888932,0.0028989899874510548,2.4193396508903584,0.12837957090925864,0.20498954787185453,0.4828,0.6504,,,,
0.2,0.05,5,M5 dataset 1 only,1.0,0.9520000000000001,0.9678,0.0024967736733142536,0.9764,0.002146981580261274,0.9914,0.0013059667338113804,1.0,0.0,2.4419315224699427,8.686581747771027e-05,-0.0007538616443301572,0.0014130696245767621,0.04924613835566967,0.0014130696245767621,1.0,0.0,1.0,0.0,2.442042196219505,0.0,0.0,0.0,0.0,,,,
0.2,0.05,5,M5 dataset 2 only,1.0,0.9520000000000001,0.9636,0.0026488509362092186,0.9914,0.0013059667338113804,0.9722,0.0023251910249827926,1.0,0.0,4.160043499011662,0.0008682835932015953,-0.20702143196086903,0.007103565670554049,-0.007021431960868861,0.007103565670554049,0.0,0.0,0.0,0.0,4.159677806643757,0.0,0.0,0.0,0.0,,,,
0.2,0.1,5,M1 intersection,1.0,0.9420000000000001,0.944,0.0032519094364690726,0.973,0.0022924334341939004,0.9708,0.0023813034500508837,1.0,0.0,2.833958363258126,0.004574629029740643,0.11560941664973343,0.0033478434595764104,-0.1614673965409276,0.004704538887634395,0.6598,0.006700878476324645,0.423,0.006987414743162065,2.8946266829791374,0.47382366105161366,0.49408483478527543,0.0,0.0,,,,
0.2,0.1,5,M2 convex (oracle),1.0,0.9420000000000001,0.9744,0.002233814223519279,0.9764,0.002146981580261274,0.998,0.0006318859517121696,1.0,0.0,2.482964330902288,0.0004280382664313441,-0.0007538616443304115,0.001413069624576762,0.09308261927731044,0.0013875656208122084,1.0,0.0,0.942,1.570249491484956e-18,2.4830379565510565,0.0,1.1103340635837404e-16,0.0,1.0,0.9764,0.002146981580261274,0.9722,0.0023251910249827926
0.2,0.1,5,M3 convex (split),1.0,0.9420000000000001,0.9682,0.002481730000777552,0.9772,0.0021111426727431137,0.9906,0.0013648078766288028,0.9998,0.00019999999999999998,2.7946649153797516,0.006707513442321038,-0.02573509826524949,0.003050967094640524,0.07684078718714724,0.0036634465910476664,0.8768351999999999,0.003655853413503912,0.8047684,0.004563357268305829,2.605212319503912,0.25850787397126035,0.3226780869395971,0.4478,0.521,,,,
0.2,0.1,5,M4 convex (plug-in),1.0,0.9420000000000001,0.9298,0.0036134475782388397,0.9616,0.0027178236353859707,0.968,0.0024892648087050866,1.0,0.0,2.433939842039595,0.001502722712967866,0.031300172715325446,0.0022961283603902295,0.0011662081716746417,0.0037960769442324962,0.946406,0.00181556130311512,0.8742136,0.003119393357367999,2.46656684802386,0.12837957090925864,0.22057441961831836,0.4828,0.6758,,,,
0.2,0.1,5,M5 dataset 1 only,1.0,0.9420000000000001,0.9742,0.002242292928124045,0.9764,0.002146981580261274,0.9978,0.000662661168294018,1.0,0.0,2.491931522469943,8.686581747771017e-05,-0.0007538616443304115,0.001413069624576762,0.09924613835566967,0.001413069624576762,1.0,0.0,1.0,0.0,2.4920421962195047,0.0,0.0,0.0,0.0,,,,
0.2,0.1,5,M5 dataset 2 only,1.0,0.9420000000000001,0.9636,0.0026488509362092186,0.9914,0.0013059667338113804,0.9722,0.0023251910249827926,1.0,0.0,4.160043499011662,0.0008682835932015953,-0.20702143196086903,0.007103565670554049,-0.007021431960868861,0.007103565670554049,0.0,0.0,0.0,0.0,4.159677806643757,0.0,0.0,0.0,0.0,,,,
0.2,0.2,5,M1 intersection,1.0,0.922,0.945,0.003224450250179584,0.973,0.0022924334341939004,0.972,0.0023332999930938056,1.0,0.0,2.936993383836136,0.00478940655696997,0.11560941664973357,0.0033478434595764104,-0.12338471025493264,0.005121464428192451,0.6598,0.006700878476324645,0.3402,0.006700878476324645,3.007260195000815,0.47382366105161366,0.47382366105161366,0.0,0.0,,,,
0.2,0.2,5,M2 convex (oracle),1.0,0.922,0.9762,0.0021558389383962945,0.9764,0.002146981580261274,0.9998,0.00019999999999999998,1.0,0.0,2.576077787690922,0.0005711131977006351,-0.0007538616443302245,0.0014130696245767621,0.1831572678709799,0.0014081925658300481,1.0,0.0,0.922,0.0,2.576240329657506,0.0,0.0,0.0,1.0,0.9764,0.002146981580261274,0.9734,0.002275856740829914
0.2,0.2,5,M3 convex (split),1.0,0.922,0.9712,0.0023654240732285704,0.9772,0.0021111426727431137,0.9936,0.0011278574433333745,0.9998,0.00019999999999999998,2.89534858724945,0.00677311004517714,-0.025735098265249327,0.003050967094640524,0.15162616639232523,0.003995976388739964,0.8768351999999999,0.003655853413503912,0.7749812,0.004865191304213774,2.7040411689981703,0.25850787397126035,0.34402097629793826,0.4478,0.5362,,,,
0.2,0.2,5,M4 convex (plug-in),1.0,0.922,0.9336,0.003521461079953536,0.9616,0.0027178236353859707,0.972,0.0023332999930938056,1.0,0.0,2.519729152850972,0.001758966080982265,0.03130017271532562,0.002296128360390229,0.06652974250025309,0.004406961660127978,0.946406,0.00181556130311512,0.8413112000000001,0.0035444080572935334,2.559840294595094,0.12837957090925864,0.25062749726044947,0.4828,0.7194,,,,
0.2,0.2,5,M5 dataset 1 only,1.0,0.922,0.9762,0.0021558389383962945,0.9764,0.002146981580261274,0.9998,0.00019999999999999998,1.0,0.0,2.591931522469943,8.686581747771015e-05,-0.0007538616443302245,0.0014130696245767621,0.19924613835566996,0.001413069624576762,1.0,0.0,1.0,0.0,2.5920421962195053,0.0,0.0,0.0,0.0,,,,
0.2,0.2,5,M5 dataset 2 only,1.0,0.922,0.9636,0.0026488509362092186,0.9914,0.0013059667338113804,0.9722,0.0023251910249827926,1.0,0.0,4.160043499011662,0.0008682835932015953,-0.20702143196086903,0.007103565670554049,-0.007021431960868861,0.007103565670554049,0.0,0.0,0.0,0.0,4.159677806643757,0.0,0.0,0.0,0.0,,,,
0.2,0.5,5,M1 intersection,1.0,0.85,0.9452,0.0032189228466769078,0.973,0.0022924334341939004,0.9722,0.0023251910249827926,1.0,0.0,3.155405867671701,0.008116566591307878,0.11560941664973357,0.00334784345957641,-0.05062954191662795,0.006136626062891865,0.6598,0.006700878476324645,0.155,0.005118617005403861,3.091726619499062,0.47382366105161366,0.36194087948178494,0.0,0.0,,,,
0.2,0.5,5,M2 convex (oracle),1.0,0.85,0.9764,0.002146981580261274,0.9764,0.002146981580261274,1.0,0.0,1.0,0.0,2.842220660039136,0.001091765694408504,-0.0007538616443301885,0.001413069624576762,0.4233060028081889,0.0015937569719150196,1.0,0.0,0.8499999999999999,1.570249491484956e-18,2.8427562098854984,0.0,1.1103340635837404e-16,0.0,1.0,0.9764,0.002146981580261274,0.972,0.0023332999930938056
0.2,0.5,5,M3 convex (split),1.0,0.85,0.969,0.0024513265389091007,0.9772,0.0021111426727431137,0.9914,0.0013059667338113801,0.9998,0.00019999999999999998,3.16605679002906,0.006915046474251113,-0.025735098265249293,0.003050967094640524,0.33376401462862704,0.0054325140280040264,0.8768351999999999,0.003655853413503912,0.6759542000000001,0.005589780320305786,2.990511555764124,0.25850787397126035,0.3952571569831333,0.4478,0.5562,,,,
0.2,0.5,5,M4 convex (plug-in),1.0,0.85,0.9338,0.0035165302781348844,0.9616,0.0027178236353859707,0.9722,0.0023251910249827926,1.0,0.0,2.7520819892817645,0.0027660688925848637,0.03130017271532566,0.002296128360390229,0.1939853994792487,0.006573584072075279,0.946406,0.00181556130311512,0.6964372,0.004929041519534225,2.8298598705007096,0.12837957090925864,0.3485358683212695,0.4828,0.7452,,,,
0.2,0.5,5,M5 dataset 1 only,1.0,0.85,0.9764,0.002146981580261274,0.9764,0.002146981580261274,1.0,0.0,1.0,0.0,2.8919315224699433,8.686581747771016e-05,-0.0007538616443301885,0.001413069624576762,0.4992461383556698,0.001413069624576762,1.0,0.0,1.0,0.0,2.892042196219505,0.0,0.0,0.0,0.0,,,,
0.2,0.5,5,M5 dataset 2 only,1.0,0.85,0.9636,0.0026488509362092186,0.9914,0.0013059667338113804,0.9722,0.0023251910249827926,1.0,0.0,4.160043499011662,0.0008682835932015953,-0.20702143196086903,0.007103565670554049,-0.007021431960868861,0.007103565670554049,0.0,0.0,0.0,0.0,4.159677806643757,0.0,0.0,0.0,0.0,,,,
0.2,1.0,5,M1 intersection,1.0,0.0,0.9452,0.0032189228466769078,0.973,0.0022924334341939004,0.9722,0.0023251910249827926,1.0,0.0,3.2935579421354806,0.009274072332839984,0.11560941664973359,0.00334784345957641,-0.012551951846475376,0.006922917998584474,0.6598,0.006700878476324645,0.027,0.002292433434193901,3.1593425977916345,0.47382366105161366,0.16209952267372724,0.0,0.0,,,,
0.2,1.0,5,M2 convex (oracle),1.0,0.0,0.9486,0.0031230687971516655,0.9764,0.002146981580261274,0.9722,0.0023251910249827926,1.0,0.0,3.1697199404242635,0.007278490601229136,-0.0007538616443301876,0.0014130696245767621,-0.007021431960868861,0.007103565670554049,1.0,0.0,0.0,0.0,3.1718724061686663,0.0,0.0,0.0,0.0,0.9764,0.002146981580261274,0.9722,0.0023251910249827926
0.2,1.0,5,M3 convex (split),1.0,0.0,0.965,0.0025992982264938457,0.9772,0.0021111426727431137,0.9874,0.0015775759091561426,0.9996,0.0002828144211304648,3.4917718786571976,0.007865753871649438,-0.025735098265249296,0.003050967094640524,0.4709016464185289,0.008553073804130295,0.8768351999999999,0.003655853413503912,0.4776812,0.006119304794790524,3.4137076142119636,0.25850787397126035,0.43270019165437346,0.4478,0.4802,,,,
0.2,1.0,5,M4 convex (plug-in),1.0,0.0,0.9338,0.0035165302781348844,0.9616,0.0027178236353859707,0.9722,0.0023251910249827926,1.0,0.0,3.018942114669466,0.0048529045002495205,0.031300172715325654,0.002296128360390229,0.1837092058029536,0.009148425116652262,0.946406,0.00181556130311512,0.36266240000000005,0.005611498811282937,3.1593425977916345,0.12837957090925864,0.39679288620784153,0.4828,0.4706,,,,
0.2,1.0,5,M5 dataset 1 only,1.0,0.0,0.9764,0.002146981580261274,0.9764,0.002146981580261274,1.0,0.0,1.0,0.0,3.391931522469943,8.68658174777103e-05,-0.0007538616443301876,0.0014130696245767621,0.99924613835567,0.0014130696245767621,1.0,0.0,1.0,0.0,3.3920421962195046,0.0,0.0,0.0,0.0,,,,
0.2,1.0,5,M5 dataset 2 only,1.0,0.0,0.9636,0.0026488509362092186,0.9914,0.0013059667338113804,0.9722,0.0023251910249827926,1.0,0.0,4.160043499011662,0.0008682835932015953,-0.20702143196086903,0.007103565670554049,-0.007021431960868861,0.007103565670554049,0.0,0.0,0.0,0.0,4.159677806643757,0.0,0.0,0.0,0.0,,,,
0.5,0.0,5,M1 intersection,1.0,0.962,0.9308,0.003589547181719995,0.9762,0.002155838938396295,0.9544,0.0029505709911531977,1.0,0.0,2.6551822517664427,0.00442165140181434,0.0428542483114289,0.0022815997033255766,-0.2074831999512786,0.004265802911890796,0.845,0.005118617005403862,0.4996,0.007071772761761989,2.6149541555694706,0.361940879481785,0.5000498474852222,0.0,0.0,,,,
0.5,0.0,5,M2 convex (oracle),1.0,0.962,0.9498,0.003088349005523175,0.9764,0.002146981580261274,0.9734,0.0022758567408299136,1.0,0.0,2.3878940395434087,0.0002873130078433295,-0.0007538616443301903,0.0014130696245767621,-0.0009920293163586588,0.0013819821097309831,1.0,0.0,0.962,0.0,2.3878772835550564,0.0,0.0,0.0,1.0,0.9764,0.002146981580261274,0.9734,0.0022758567408299136
0.5,0.0,5,M3 convex (split),1.0,0.962,0.9514,0.003041292141767758,0.9792,0.0020184862787176617,0.972,0.002333299993093806,0.9998,0.00019999999999999998,2.6676133188665045,0.006442000046745302,-0.037888940130450854,0.0029233559273593905,-0.002896254308051909,0.0033837328624105943,0.9261918000000001,0.00280810715174958,0.8311238000000001,0.004268592952235007,2.4965821288988477,0.19856316093005696,0.3018351022650478,0.3496,0.495,,,,
0.5,0.0,5,M4 convex (plug-in),1.0,0.962,0.909,0.004067813838154884,0.973,0.002292433434193901,0.9358,0.003466709623709927,1.0,0.0,2.355435408952902,0.0011813478573389038,0.008426305922965824,0.0016451531832643509,-0.07096135585535328,0.0032261979541353255,0.979773,0.0009632434904033148,0.9026348,0.0026659578526387864,2.3798019474270213,0.0681116003997983,0.18851168759584125,0.2648,0.6236,,,,
0.5,0.0,5,M5 dataset 1 only,1.0,0.962,0.949,0.0031115488662833905,0.9764,0.002146981580261274,0.9726,0.002308877255905252,1.0,0.0,2.391931522469943,8.68658174777102e-05,-0.0007538616443301903,0.0014130696245767621,-0.0007538616443301884,0.001413069624576762,1.0,0.0,1.0,0.0,2.392042196219505,0.0,0.0,0.0,0.0,,,,
0.5,0.0,5,M5 dataset 2 only,1.0,0.962,0.97,0.0024127088993176463,0.9978,0.000662661168294018,0.9722,0.0023251910249827926,1.0,0.0,4.460043499011661,0.0008682835932015951,-0.5070214319608688,0.007103565670554049,-0.00702143196086882,0.007103565670554049,0.0,0.0,0.0,0.0,4.459677806643756,0.0,0.0,0.0,0.0,,,,
0.5,0.05,5,M1 intersection,1.0,0.9520000000000001,0.9426,0.0032898651404774178,0.9762,0.002155838938396295,0.9662,0.0025559379029453633,1.0,0.0,2.7112482789955865,0.004486738547748332,0.04285424831142892,0.002281599703325576,-0.18353166001118515,0.004486117591592747,0.845,0.005118617005403862,0.4584,0.007047256257874609,2.695184599071395,0.361940879481785,0.4983162688702469,0.0,0.0,,,,
0.5,0.05,5,M2 convex (oracle),1.0,0.9520000000000001,0.967,0.0025265543127625553,0.9764,0.002146981580261274,0.9906,0.0013648078766288028,1.0,0.0,2.4356702379857214,0.00035721369786079833,-0.0007538616443301572,0.0014130696245767621,0.04654529498047582,0.0013828705409740232,1.0,0.0,0.952,1.570249491484956e-18,2.435821104290136,0.0,1.1103340635837404e-16,0.0,1.0,0.9764,0.002146981580261274,0.9734,0.002275856740829914
0.5,0.05,5,M3 convex (split),1.0,0.9520000000000001,0.9632,0.002662812444394611,0.9792,0.0020184862787176617,0.9836,0.001796344446556432,0.9998,0.00019999999999999998,2.7189455142173276,0.00646047249497675,-0.03788894013045083,0.0029233559273593905,0.037739996570204166,0.0035054128026777067,0.9261918000000001,0.00280810715174958,0.8183796,0.004413608433997031,2.54683655549577,0.19856316093005696,0.31208924531814397,0.3496,0.5082,,,,
0.5,0.05,5,M4 convex (plug-in),1.0,0.9520000000000001,0.9308,0.0035895471817199943,0.973,0.002292433434193901,0.9576,0.002849924984009736,1.0,0.0,2.400232646675327,0.0012985324963512182,0.008426305922965855,0.0016451531832643509,-0.03416028390694237,0.0035061800532337536,0.979773,0.0009632434904033148,0.8888932,0.0028989899874510548,2.4278410425326715,0.0681116003997983,0.20498954787185453,0.2648,0.6504,,,,
0.5,0.05,5,M5 dataset 1 only,1.0,0.9520000000000001,0.9678,0.0024967736733142536,0.9764,0.002146981580261274,0.9914,0.0013059667338113804,1.0,0.0,2.4419315224699427,8.686581747771027e-05,-0.0007538616443301572,0.0014130696245767621,0.04924613835566967,0.0014130696245767621,1.0,0.0,1.0,0.0,2.442042196219505,0.0,0.0,0.0,0.0,,,,
0.5,0.05,5,M5 dataset 2 only,1.0,0.9520000000000001,0.97,0.0024127088993176463,0.9978,0.000662661168294018,0.9722,0.0023251910249827926,1.0,0.0,4.460043499011661,0.0008682835932015951,-0.5070214319608688,0.007103565670554049,-0.00702143196086882,0.007103565670554049,0.0,0.0,0.0,0.0,4.459677806643756,0.0,0.0,0.0,0.0,,,,
0.5,0.1,5,M1 intersection,1.0,0.9420000000000001,0.9472,0.00316297848341991,0.9762,0.002155838938396295,0.9708,0.0023813034500508837,1.0,0.0,2.76105621609917,0.004547877632746657,0.042854248311428714,0.002281599703325577,-0.16146739654092757,0.004704538887634395,0.845,0.005118617005403862,0.423,0.006987414743162065,2.7549616302935718,0.361940879481785,0.49408483478527543,0.0,0.0,,,,
0.5,0.1,5,M2 convex (oracle),1.0,0.9420000000000001,0.9744,0.002233814223519279,0.9764,0.002146981580261274,0.998,0.0006318859517121696,1.0,0.0,2.482964330902288,0.0004280382664313441,-0.0007538616443304115,0.001413069624576762,0.09308261927731044,0.0013875656208122084,1.0,0.0,0.942,1.570249491484956e-18,2.4830379565510565,0.0,1.1103340635837404e-16,0.0,1.0,0.9764,0.002146981580261274,0.9722,0.0023251910249827926
0.5,0.1,5,M3 convex (split),1.0,0.9420000000000001,0.9702,0.002404900977117758,0.9792,0.0020184862787176617,0.9906,0.0013648078766288028,0.9998,0.00019999999999999998,2.7696503418611202,0.00647663920427129,-0.03788894013045106,0.00292335592735939,0.07684078718714724,0.0036634465910476673,0.9261918000000001,0.00280810715174958,0.8047684,0.004563357268305829,2.597695871915425,0.19856316093005696,0.3226780869395971,0.3496,0.521,,,,
0.5,0.1,5,M4 convex (plug-in),1.0,0.9420000000000001,0.9412,0.003327270073983933,0.973,0.002292433434193901,0.968,0.0024892648087050866,1.0,0.0,2.4443156959749546,0.0014260861633872339,0.008426305922965609,0.001645153183264351,0.0011662081716746473,0.0037960769442324962,0.979773,0.0009632434904033148,0.8742136,0.003119393357367999,2.4751132564145744,0.0681116003997983,0.22057441961831836,0.2648,0.6758,,,,
0.5,0.1,5,M5 dataset 1 only,1.0,0.9420000000000001,0.9742,0.002242292928124045,0.9764,0.002146981580261274,0.9978,0.000662661168294018,1.0,0.0,2.491931522469943,8.686581747771017e-05,-0.0007538616443304115,0.001413069624576762,0.09924613835566967,0.001413069624576762,1.0,0.0,1.0,0.0,2.4920421962195047,0.0,0.0,0.0,0.0,,,,
0.5,0.1,5,M5 dataset 2 only,1.0,0.9420000000000001,0.97,0.0024127088993176463,0.9978,0.000662661168294018,0.9722,0.0023251910249827926,1.0,0.0,4.460043499011661,0.0008682835932015951,-0.5070214319608688,0.007103565670554049,-0.00702143196086882,0.007103565670554049,0.0,0.0,0.0,0.0,4.459677806643756,0.0,0.0,0.0,0.0,,,,
0.5,0.2,5,M1 intersection,1.0,0.922,0.9482,0.0031345361799495442,0.9762,0.002155838938396295,0.972,0.0023332999930938056,1.0,0.0,2.8640912366771802,0.00477314329154951,0.04285424831142887,0.0022815997033255766,-0.12338471025493261,0.005121464428192451,0.845,0.005118617005403862,0.3402,0.006700878476324645,2.8854037828834427,0.361940879481785,0.47382366105161366,0.0,0.0,,,,
0.5,0.2,5,M2 convex (oracle),1.0,0.922,0.9762,0.0021558389383962945,0.9764,0.002146981580261274,0.9998,0.00019999999999999998,1.0,0.0,2.576077787690922,0.000571113197700635,-0.0007538616443302245,0.0014130696245767621,0.1831572678709799,0.0014081925658300481,1.0,0.0,0.922,0.0,2.576240329657506,0.0,0.0,0.0,1.0,0.9764,0.002146981580261274,0.9734,0.002275856740829914
0.5,0.2,5,M3 convex (split),1.0,0.922,0.9732,0.0022841618767276144,0.9792,0.0020184862787176617,0.9936,0.0011278574433333745,0.9998,0.00019999999999999998,2.870334013730819,0.006546440262288937,-0.037888940130450896,0.0029233559273593905,0.15162616639232523,0.003995976388739964,0.9261918000000001,0.00280810715174958,0.7749812,0.004865191304213774,2.697963477073663,0.19856316093005696,0.34402097629793826,0.3496,0.5362,,,,
0.5,0.2,5,M4 convex (plug-in),1.0,0.922,0.945,0.003224450250179584,0.973,0.002292433434193901,0.972,0.0023332999930938056,1.0,0.0,2.530105006786332,0.0017110865156740825,0.008426305922965789,0.0016451531832643509,0.06652974250025309,0.004406961660127978,0.979773,0.0009632434904033148,0.8413112000000001,0.0035444080572935334,2.5691544550971965,0.0681116003997983,0.25062749726044947,0.2648,0.7194,,,,
0.5,0.2,5,M5 dataset 1 only,1.0,0.922,0.9762,0.0021558389383962945,0.9764,0.002146981580261274,0.9998,0.00019999999999999998,1.0,0.0,2.591931522469943,8.686581747771015e-05,-0.0007538616443302245,0.0014130696245767621,0.19924613835566996,0.001413069624576762,1.0,0.0,1.0,0.0,2.5920421962195053,0.0,0.0,0.0,0.0,,,,
0.5,0.2,5,M5 dataset 2 only,1.0,0.922,0.97,0.0024127088993176463,0.9978,0.000662661168294018,0.9722,0.0023251910249827926,1.0,0.0,4.460043499011661,0.0008682835932015951,-0.5070214319608688,0.007103565670554049,-0.00702143196086882,0.007103565670554049,0.0,0.0,0.0,0.0,4.459677806643756,0.0,0.0,0.0,0.0,,,,
0.5,0.5,5,M1 intersection,1.0,0.85,0.9484,0.0031288090208860357,0.9762,0.002155838938396295,0.9722,0.0023251910249827926,1.0,0.0,3.0825037205127455,0.0058131605506447585,0.0428542483114289,0.002281599703325576,-0.050629541916627906,0.006136626062891866,0.845,0.005118617005403862,0.155,0.005118617005403861,3.141473859244508,0.361940879481785,0.36194087948178494,0.0,0.0,,,,
0.5,0.5,5,M2 convex (oracle),1.0,0.85,0.9764,0.002146981580261274,0.9764,0.002146981580261274,1.0,0.0,1.0,0.0,2.842220660039136,0.001091765694408504,-0.0007538616443301885,0.001413069624576762,0.423306002808189,0.0015937569719150198,1.0,0.0,0.8499999999999999,1.570249491484956e-18,2.8427562098854984,0.0,1.1103340635837404e-16,0.0,1.0,0.9764,0.002146981580261274,0.972,0.0023332999930938056
0.5,0.5,5,M3 convex (split),1.0,0.85,0.971,0.002373378727745966,0.9792,0.0020184862787176617,0.9914,0.0013059667338113801,0.9998,0.00019999999999999998,3.1410422165104293,0.006678320977560856,-0.037888940130450854,0.0029233559273593905,0.33376401462862704,0.0054325140280040264,0.9261918000000001,0.00280810715174958,0.6759542000000001,0.005589780320305786,2.986958155962883,0.19856316093005696,0.3952571569831333,0.3496,0.5562,,,,
0.5,0.5,5,M4 convex (plug-in),1.0,0.85,0.9452,0.0032189228466769078,0.973,0.002292433434193901,0.9722,0.0023251910249827926,1.0,0.0,2.762457843217124,0.002784710071474723,0.008426305922965824,0.0016451531832643509,0.1939853994792487,0.006573584072075279,0.979773,0.0009632434904033148,0.6964372,0.004929041519534225,2.8374507495009365,0.0681116003997983,0.3485358683212695,0.2648,0.7452,,,,
0.5,0.5,5,M5 dataset 1 only,1.0,0.85,0.9764,0.002146981580261274,0.9764,0.002146981580261274,1.0,0.0,1.0,0.0,2.8919315224699433,8.686581747771016e-05,-0.0007538616443301885,0.001413069624576762,0.4992461383556698,0.001413069624576762,1.0,0.0,1.0,0.0,2.892042196219505,0.0,0.0,0.0,0.0,,,,
0.5,0.5,5,M5 dataset 2 only,1.0,0.85,0.97,0.0024127088993176463,0.9978,0.000662661168294018,0.9722,0.0023251910249827926,1.0,0.0,4.460043499011661,0.0008682835932015951,-0.5070214319608688,0.007103565670554049,-0.00702143196086882,0.007103565670554049,0.0,0.0,0.0,0.0,4.459677806643756,0.0,0.0,0.0,0.0,,,,
0.5,1.0,5,M1 intersection,1.0,0.0,0.9484,0.0031288090208860357,0.9762,0.002155838938396295,0.9722,0.0023251910249827926,1.0,0.0,3.220655794976525,0.008633284674609344,0.0428542483114289,0.002281599703325576,-0.012551951846475335,0.006922917998584474,0.845,0.005118617005403862,0.027,0.002292433434193901,3.1692428070929113,0.361940879481785,0.16209952267372724,0.0,0.0,,,,
0.5,1.0,5,M2 convex (oracle),1.0,0.0,0.9486,0.0031230687971516655,0.9764,0.002146981580261274,0.9722,0.0023251910249827926,1.0,0.0,3.1697199404242635,0.007278490601229136,-0.0007538616443301876,0.0014130696245767621,-0.00702143196086882,0.007103565670554049,1.0,0.0,0.0,0.0,3.1718724061686663,0.0,0.0,0.0,0.0,0.9764,0.002146981580261274,0.9722,0.0023251910249827926
0.5,1.0,5,M3 convex (split),1.0,0.0,0.967,0.0025265543127625553,0.9792,0.0020184862787176617,0.9874,0.0015775759091561426,0.9996,0.0002828144211304648,3.4667573051385663,0.007570832369196661,-0.03788894013045086,0.00292335592735939,0.4709016464185288,0.008553073804130293,0.9261918000000001,0.00280810715174958,0.4776812,0.006119304794790524,3.423886768160836,0.19856316093005696,0.43270019165437346,0.3496,0.4802,,,,
0.5,1.0,5,M4 convex (plug-in),1.0,0.0,0.9452,0.0032189228466769078,0.973,0.002292433434193901,0.9722,0.0023251910249827926,1.0,0.0,3.029317968604826,0.004952098500727633,0.008426305922965826,0.0016451531832643509,0.18370920580295363,0.00914842511665226,0.979773,0.0009632434904033148,0.36266240000000005,0.005611498811282937,3.1692428070929113,0.0681116003997983,0.39679288620784153,0.2648,0.4706,,,,
0.5,1.0,5,M5 dataset 1 only,1.0,0.0,0.9764,0.002146981580261274,0.9764,0.002146981580261274,1.0,0.0,1.0,0.0,3.391931522469943,8.68658174777103e-05,-0.0007538616443301876,0.0014130696245767621,0.99924613835567,0.0014130696245767621,1.0,0.0,1.0,0.0,3.3920421962195046,0.0,0.0,0.0,0.0,,,,
0.5,1.0,5,M5 dataset 2 only,1.0,0.0,0.97,0.0024127088993176463,0.9978,0.000662661168294018,0.9722,0.0023251910249827926,1.0,0.0,4.460043499011661,0.0008682835932015951,-0.5070214319608688,0.007103565670554049,-0.00702143196086882,0.007103565670554049,0.0,0.0,0.0,0.0,4.459677806643756,0.0,0.0,0.0,0.0,,,,
1.0,0.0,5,M1 intersection,1.0,0.962,0.9312,0.0035799266996734734,0.9768,0.002129145051829571,0.9544,0.0029505709911531977,1.0,0.0,2.593185357442968,0.004208144956897477,0.004776658241276325,0.0015138896427121557,-0.2074831999512786,0.004265802911890796,0.973,0.002292433434193901,0.4996,0.007071772761761989,2.4004600139203722,0.16209952267372724,0.5000498474852222,0.0,0.0,,,,
1.0,0.0,5,M2 convex (oracle),1.0,0.962,0.9498,0.003088349005523175,0.9764,0.002146981580261274,0.9734,0.0022758567408299136,1.0,0.0,2.3878940395434087,0.0002873130078433295,-0.0007538616443301903,0.0014130696245767621,-0.0009920293163586588,0.0013819821097309831,1.0,0.0,0.962,0.0,2.3878772835550564,0.0,0.0,0.0,1.0,0.9764,0.002146981580261274,0.9734,0.0022758567408299136
1.0,0.0,5,M3 convex (split),1.0,0.962,0.9492,0.003105769012697507,0.977,0.0021201648567514652,0.972,0.002333299993093806,0.9998,0.00019999999999999998,2.6241288779563465,0.0057279248122305065,-0.026561415014220928,0.00249195776465623,-0.002896254308051909,0.0033837328624105943,0.9736614000000001,0.001545995397911026,0.8311238000000001,0.004268592952235007,2.4802011953025946,0.10931838295460815,0.3018351022650478,0.1866,0.495,,,,
1.0,0.0,5,M4 convex (plug-in),1.0,0.962,0.9122,0.0040026786390188075,0.9764,0.002146981580261274,0.9358,0.003466709623709927,1.0,0.0,2.360059515944287,0.0011566106806520844,-4.987960227677859e-05,0.0014137621049881827,-0.07096135585535328,0.0032261979541353255,0.9971977999999999,0.00023635115274836524,0.9026348,0.0026659578526387864,2.383800342441508,0.016712550284962657,0.18851168759584125,0.0562,0.6236,,,,
1.0,0.0,5,M5 dataset 1 only,1.0,0.962,0.949,0.0031115488662833905,0.9764,0.002146981580261274,0.9726,0.002308877255905252,1.0,0.0,2.391931522469943,8.68658174777102e-05,-0.0007538616443301903,0.0014130696245767621,-0.0007538616443301884,0.001413069624576762,1.0,0.0,1.0,0.0,2.392042196219505,0.0,0.0,0.0,0.0,,,,
1.0,0.0,5,M5 dataset 2 only,1.0,0.962,0.9722,0.0023251910249827926,1.0,0.0,0.9722,0.0023251910249827926,1.0,0.0,4.960043499011661,0.0008682835932015951,-1.0070214319608688,0.007103565670554049,-0.007021431960868821,0.007103565670554049,0.0,0.0,0.0,0.0,4.959677806643756,0.0,0.0,0.0,0.0,,,,
1.0,0.05,5,M1 intersection,1.0,0.9520000000000001,0.943,0.0032790776858888267,0.9768,0.002129145051829571,0.9662,0.0025559379029453633,1.0,0.0,2.649251384672113,0.004294038389044457,0.004776658241276357,0.0015138896427121557,-0.18353166001118515,0.004486117591592747,0.973,0.002292433434193901,0.4584,0.007047256257874609,2.4540017257528244,0.16209952267372724,0.4983162688702469,0.0,0.0,,,,
1.0,0.05,5,M2 convex (oracle),1.0,0.9520000000000001,0.967,0.0025265543127625553,0.9764,0.002146981580261274,0.9906,0.0013648078766288028,1.0,0.0,2.4356702379857214,0.0003572136978607983,-0.0007538616443301572,0.0014130696245767621,0.04654529498047582,0.0013828705409740232,1.0,0.0,0.952,1.570249491484956e-18,2.435821104290136,0.0,1.1103340635837404e-16,0.0,1.0,0.9764,0.002146981580261274,0.9734,0.002275856740829914
1.0,0.05,5,M3 convex (split),1.0,0.9520000000000001,0.961,0.0027381196942230226,0.977,0.0021201648567514652,0.9836,0.001796344446556432,0.9998,0.00019999999999999998,2.6754610733071704,0.005750708315300692,-0.026561415014220904,0.00249195776465623,0.037739996570204166,0.0035054128026777067,0.9736614000000001,0.001545995397911026,0.8183796,0.004413608433997031,2.530202213187275,0.10931838295460815,0.31208924531814397,0.1866,0.5082,,,,
1.0,0.05,5,M4 convex (plug-in),1.0,0.9520000000000001,0.934,0.003511590274113802,0.9764,0.002146981580261274,0.9576,0.002849924984009736,1.0,0.0,2.404856753666712,0.0012798348828828058,-4.987960227674608e-05,0.0014137621049881827,-0.034160283906942375,0.0035061800532337536,0.9971977999999999,0.00023635115274836524,0.8888932,0.0028989899874510548,2.432498972928774,0.016712550284962657,0.20498954787185453,0.0562,0.6504,,,,
1.0,0.05,5,M5 dataset 1 only,1.0,0.9520000000000001,0.9678,0.0024967736733142536,0.9764,0.002146981580261274,0.9914,0.0013059667338113804,1.0,0.0,2.4419315224699427,8.686581747771027e-05,-0.0007538616443301572,0.0014130696245767621,0.04924613835566967,0.0014130696245767621,1.0,0.0,1.0,0.0,2.442042196219505,0.0,0.0,0.0,0.0,,,,
1.0,0.05,5,M5 dataset 2 only,1.0,0.9520000000000001,0.9722,0.0023251910249827926,1.0,0.0,0.9722,0.0023251910249827926,1.0,0.0,4.960043499011661,0.0008682835932015951,-1.0070214319608688,0.007103565670554049,-0.007021431960868821,0.007103565670554049,0.0,0.0,0.0,0.0,4.959677806643756,0.0,0.0,0.0,0.0,,,,
1.0,0.1,5,M1 intersection,1.0,0.9420000000000001,0.9476,0.0031516399805360676,0.9768,0.002129145051829571,0.9708,0.0023813034500508837,1.0,0.0,2.699059321775696,0.0043573351924269255,0.00477665824127611,0.0015138896427121557,-0.16146739654092757,0.004704538887634395,0.973,0.002292433434193901,0.423,0.006987414743162065,2.5251093518580974,0.16209952267372724,0.49408483478527543,0.0,0.0,,,,
1.0,0.1,5,M2 convex (oracle),1.0,0.9420000000000001,0.9744,0.002233814223519279,0.9764,0.002146981580261274,0.998,0.0006318859517121696,1.0,0.0,2.482964330902288,0.0004280382664313441,-0.0007538616443304115,0.001413069624576762,0.09308261927731044,0.0013875656208122084,1.0,0.0,0.942,1.570249491484956e-18,2.4830379565510565,0.0,1.1103340635837404e-16,0.0,1.0,0.9764,0.002146981580261274,0.9722,0.0023251910249827926
1.0,0.1,5,M3 convex (split),1.0,0.9420000000000001,0.968,0.0024892648087050866,0.977,0.0021201648567514652,0.9906,0.0013648078766288028,0.9998,0.00019999999999999998,2.7261659009509627,0.005769943326946525,-0.02656141501422115,0.00249195776465623,0.07684078718714724,0.0036634465910476673,0.9736614000000001,0.001545995397911026,0.8047684,0.004563357268305829,2.5801751380942877,0.10931838295460815,0.3226780869395971,0.1866,0.521,,,,
1.0,0.1,5,M4 convex (plug-in),1.0,0.9420000000000001,0.9444,0.0032409610867384924,0.9764,0.002146981580261274,0.968,0.0024892648087050866,1.0,0.0,2.44893980296634,0.0014129610268140632,-4.987960227699948e-05,0.0014137621049881827,0.0011662081716746484,0.0037960769442324962,0.9971977999999999,0.00023635115274836524,0.8742136,0.003119393357367999,2.480403478926373,0.016712550284962657,0.22057441961831836,0.0562,0.6758,,,,
1.0,0.1,5,M5 dataset 1 only,1.0,0.9420000000000001,0.9742,0.002242292928124045,0.9764,0.002146981580261274,0.9978,0.000662661168294018,1.0,0.0,2.491931522469943,8.686581747771017e-05,-0.0007538616443304115,0.001413069624576762,0.09924613835566967,0.001413069624576762,1.0,0.0,1.0,0.0,2.4920421962195047,0.0,0.0,0.0,0.0,,,,
1.0,0.1,5,M5 dataset 2 only,1.0,0.9420000000000001,0.9722,0.0023251910249827926,1.0,0.0,0.9722,0.0023251910249827926,1.0,0.0,4.960043499011661,0.0008682835932015951,-1.0070214319608688,0.007103565670554049,-0.007021431960868821,0.007103565670554049,0.0,0.0,0.0,0.0,4.959677806643756,0.0,0.0,0.0,0.0,,,,
1.0,0.2,5,M1 intersection,1.0,0.922,0.9488,0.003117315436574589,0.9768,0.002129145051829571,0.972,0.0023332999930938056,1.0,0.0,2.8020943423537066,0.004600147355723068,0.004776658241276291,0.0015138896427121557,-0.12338471025493264,0.005121464428192451,0.973,0.002292433434193901,0.3402,0.006700878476324645,2.7146777074355173,0.16209952267372724,0.47382366105161366,0.0,0.0,,,,
1.0,0.2,5,M2 convex (oracle),1.0,0.922,0.9762,0.0021558389383962945,0.9764,0.002146981580261274,0.9998,0.00019999999999999998,1.0,0.0,2.576077787690922,0.0005711131977006351,-0.0007538616443302245,0.0014130696245767621,0.1831572678709799,0.0014081925658300481,1.0,0.0,0.922,0.0,2.576240329657506,0.0,0.0,0.0,1.0,0.9764,0.002146981580261274,0.9734,0.002275856740829914
1.0,0.2,5,M3 convex (split),1.0,0.922,0.971,0.0023733787277459666,0.977,0.0021201648567514652,0.9936,0.0011278574433333745,0.9998,0.00019999999999999998,2.8268495728206617,0.005849384700955749,-0.026561415014220973,0.00249195776465623,0.15162616639232523,0.003995976388739964,0.9736614000000001,0.001545995397911026,0.7749812,0.004865191304213774,2.6795560778590075,0.10931838295460815,0.34402097629793826,0.1866,0.5362,,,,
1.0,0.2,5,M4 convex (plug-in),1.0,0.922,0.9484,0.0031288090208860357,0.9764,0.002146981580261274,0.972,0.0023332999930938056,1.0,0.0,2.5347291137777166,0.0017078769257312999,-4.987960227681309e-05,0.0014137621049881827,0.06652974250025309,0.004406961660127978,0.9971977999999999,0.00023635115274836524,0.8413112000000001,0.0035444080572935334,2.5747332423165465,0.016712550284962657,0.25062749726044947,0.0562,0.7194,,,,
1.0,0.2,5,M5 dataset 1 only,1.0,0.922,0.9762,0.0021558389383962945,0.9764,0.002146981580261274,0.9998,0.00019999999999999998,1.0,0.0,2.591931522469943,8.686581747771015e-05,-0.0007538616443302245,0.0014130696245767621,0.19924613835566996,0.001413069624576762,1.0,0.0,1.0,0.0,2.5920421962195053,0.0,0.0,0.0,0.0,,,,
1.0,0.2,5,M5 dataset 2 only,1.0,0.922,0.9722,0.0023251910249827926,1.0,0.0,0.9722,0.0023251910249827926,1.0,0.0,4.960043499011661,0.0008682835932015951,-1.0070214319608688,0.007103565670554049,-0.007021431960868821,0.007103565670554049,0.0,0.0,0.0,0.0,4.959677806643756,0.0,0.0,0.0,0.0,,,,
1.0,0.5,5,M1 intersection,1.0,0.85,0.949,0.0031115488662833905,0.9768,0.002129145051829571,0.9722,0.0023251910249827926,1.0,0.0,3.020506826189272,0.0054906848952032804,0.004776658241276326,0.0015138896427121557,-0.05062954191662791,0.006136626062891866,0.973,0.002292433434193901,0.155,0.005118617005403861,3.0060730692766624,0.16209952267372724,0.36194087948178494,0.0,0.0,,,,
1.0,0.5,5,M2 convex (oracle),1.0,0.85,0.9764,0.002146981580261274,0.9764,0.002146981580261274,1.0,0.0,1.0,0.0,2.842220660039136,0.001091765694408504,-0.0007538616443301885,0.001413069624576762,0.4233060028081891,0.0015937569719150196,1.0,0.0,0.8499999999999999,1.570249491484956e-18,2.8427562098854984,0.0,1.1103340635837404e-16,0.0,1.0,0.9764,0.002146981580261274,0.972,0.0023332999930938056
1.0,0.5,5,M3 convex (split),1.0,0.85,0.9688,0.0024589675281021612,0.977,0.0021201648567514652,0.9914,0.0013059667338113801,0.9998,0.00019999999999999998,3.0975577756002712,0.005957841313870304,-0.026561415014220928,0.00249195776465623,0.33376401462862704,0.0054325140280040264,0.9736614000000001,0.001545995397911026,0.6759542000000001,0.005589780320305786,2.974860505760554,0.10931838295460815,0.3952571569831333,0.1866,0.5562,,,,
1.0,0.5,5,M4 convex (plug-in),1.0,0.85,0.9486,0.0031230687971516655,0.9764,0.002146981580261274,0.9722,0.0023251910249827926,1.0,0.0,2.767081950208509,0.00280503166108459,-4.9879602276777036e-05,0.0014137621049881827,0.1939853994792487,0.006573584072075279,0.9971977999999999,0.00023635115274836524,0.6964372,0.004929041519534225,2.8422247056662524,0.016712550284962657,0.3485358683212695,0.0562,0.7452,,,,
1.0,0.5,5,M5 dataset 1 only,1.0,0.85,0.9764,0.002146981580261274,0.9764,0.002146981580261274,1.0,0.0,1.0,0.0,2.8919315224699433,8.686581747771016e-05,-0.0007538616443301885,0.001413069624576762,0.4992461383556698,0.001413069624576762,1.0,0.0,1.0,0.0,2.892042196219505,0.0,0.0,0.0,0.0,,,,
1.0,0.5,5,M5 dataset 2 only,1.0,0.85,0.9722,0.0023251910249827926,1.0,0.0,0.9722,0.0023251910249827926,1.0,0.0,4.960043499011661,0.0008682835932015951,-1.0070214319608688,0.007103565670554049,-0.007021431960868821,0.007103565670554049,0.0,0.0,0.0,0.0,4.959677806643756,0.0,0.0,0.0,0.0,,,,
1.0,1.0,5,M1 intersection,1.0,0.0,0.949,0.0031115488662833905,0.9768,0.002129145051829571,0.9722,0.0023251910249827926,1.0,0.0,3.1586589006530508,0.006962739309300997,0.004776658241276327,0.0015138896427121557,-0.012551951846475335,0.006922917998584474,0.973,0.002292433434193901,0.027,0.002292433434193901,3.1718724061686663,0.16209952267372724,0.16209952267372724,0.0,0.0,,,,
1.0,1.0,5,M2 convex (oracle),1.0,0.0,0.9486,0.0031230687971516655,0.9764,0.002146981580261274,0.9722,0.0023251910249827926,1.0,0.0,3.1697199404242635,0.007278490601229136,-0.0007538616443301876,0.0014130696245767621,-0.007021431960868821,0.007103565670554049,1.0,0.0,0.0,0.0,3.1718724061686663,0.0,0.0,0.0,0.0,0.9764,0.002146981580261274,0.9722,0.0023251910249827926
1.0,1.0,5,M3 convex (split),1.0,0.0,0.9648,0.0026064440738565687,0.977,0.0021201648567514652,0.9874,0.0015775759091561426,0.9996,0.0002828144211304648,3.4232728642284083,0.0067495553704369875,-0.026561415014220928,0.00249195776465623,0.4709016464185288,0.008553073804130293,0.9736614000000001,0.001545995397911026,0.4776812,0.006119304794790524,3.410384326791986,0.10931838295460815,0.43270019165437346,0.1866,0.4802,,,,
1.0,1.0,5,M4 convex (plug-in),1.0,0.0,0.9486,0.0031230687971516655,0.9764,0.002146981580261274,0.9722,0.0023251910249827926,1.0,0.0,3.03394207559621,0.005004909443303241,-4.987960227677619e-05,0.0014137621049881827,0.18370920580295363,0.00914842511665226,0.9971977999999999,0.00023635115274836524,0.36266240000000005,0.005611498811282937,3.1718724061686663,0.016712550284962657,0.39679288620784153,0.0562,0.4706,,,,
1.0,1.0,5,M5 dataset 1 only,1.0,0.0,0.9764,0.002146981580261274,0.9764,0.002146981580261274,1.0,0.0,1.0,0.0,3.391931522469943,8.68658174777103e-05,-0.0007538616443301876,0.0014130696245767621,0.99924613835567,0.0014130696245767621,1.0,0.0,1.0,0.0,3.3920421962195046,0.0,0.0,0.0,0.0,,,,
1.0,1.0,5,M5 dataset 2 only,1.0,0.0,0.9722,0.0023251910249827926,1.0,0.0,0.9722,0.0023251910249827926,1.0,0.0,4.960043499011661,0.0008682835932015951,-1.0070214319608688,0.007103565670554049,-0.007021431960868821,0.007103565670554049,0.0,0.0,0.0,0.0,4.959677806643756,0.0,0.0,0.0,0.0,,,,
